jumlah_cluster,inertia_pca37,silhouette_pca37,inertia_204_fitur,silhouette_204_fitur
2,6282.372335375172,0.20403053029757526,6371.562057262205,0.2014749539511385
3,5613.326317556398,0.1360153803490788,5702.469864042021,0.1335809818583709
4,5053.329018612246,0.14675699722159669,5141.656372204282,0.1439316819762726
5,4459.776124041441,0.16951786339871597,4579.641151037087,0.16351179710578012
6,4145.73271791743,0.17845301421421905,4170.6404466467475,0.1756587700494427
7,3867.811171158215,0.1616502333352325,3930.439473379986,0.16064765141506046
8,3624.3522326273624,0.15404584973240387,3725.5205277569203,0.16509371556067193
9,3398.655375885447,0.16258652446116326,3474.455931174899,0.13895169922323652
10,3189.874591419056,0.15326499148779668,3292.6078646217875,0.14234611968286257
