PCA_1,PCA_2,PCA_3,PCA_4,PCA_5,PCA_6,PCA_7,PCA_8,PCA_9,PCA_10,PCA_11,PCA_12,PCA_13,PCA_14,PCA_15,PCA_16,PCA_17,PCA_18,PCA_19,PCA_20,PCA_21,PCA_22,PCA_23,PCA_24,PCA_25,PCA_26,PCA_27,PCA_28,PCA_29,PCA_30,PCA_31,PCA_32,PCA_33,PCA_34,PCA_35,PCA_36,PCA_37
5.170220227907673,-0.367733633753635,8.302423571932339,3.012708759872735,3.659870149009072,1.555569588433968,-2.8151821936266885,0.9219603972616961,-4.43169907626868,1.4395139855801289,-7.10940270942406,-1.3058896295204896,1.954673308312781,-0.5694337142855252,-0.4433329600212214,-1.234453564195141,-2.577040718362244,-0.245719532535582,0.21197304938568934,0.12800662097774143,-0.857950723477055,0.9901017423677324,0.5097848882663587,-0.5029743166622751,-0.8195329196356943,0.42378378613859996,-0.9854718828222206,-0.3194659526549187,0.342371203986794,0.6608404878753631,0.13700424587003607,0.2602790803220863,-0.354187186472,0.7281192084784671,0.4870544583862021,-0.08663443719090316,0.04200798807505619
5.572086161859067,2.6365904900878907,10.99547195616646,1.688413289262428,-1.1067097864213462,-1.3246214161926195,1.898435466286133,-1.467460168599951,-1.730870129057459,-3.4223536953278195,0.22082387370714443,-0.7698474061104725,-1.5789241130066363,3.8298041568717056,3.3808702500742522,-0.3260663301039256,0.97554290135401,-0.04091665636373433,-1.2925000185909439,0.014705748203913979,0.31980586588126647,0.47423506126971343,-2.1060337352041443,0.012165965715941918,1.1016295264263645,0.5326699851693926,0.10186957822573023,0.37973938385074546,0.8856592489625591,-0.21167640058892734,-0.6159655548492855,0.7376294395203855,-0.642821573851502,-0.6322947912873607,0.09388365640406263,-0.4146868634052729,0.4112269941769289
5.807791702706761,4.462875089839406,9.79331225034988,-0.9854974914154049,-3.242623606402398,-2.8063925714195657,-1.0075828201965844,-1.9341041612879646,-3.7177982003745917,-0.6961782426162955,1.515614667480493,-1.2643505784914866,0.21425473258600256,0.3685783534734628,1.4116730918952511,0.1856468840861726,1.1088088364692308,0.8891539418983609,0.38249675342141937,1.3939710909168916,0.673996672635716,-0.08464862017365714,0.4710695976032055,0.9386156011445423,-0.3175533780254634,-0.09107669803896867,0.5657027059309523,0.21682324545525086,-0.0034975538476916634,-1.058077489751999,0.5151225478254483,-0.1774102740634,1.5971385493604757,1.243614576065574,-0.41286103590119294,0.4131176804947586,-0.7132484409149824
8.263709206714214,2.3640703054821253,7.914414518238418,0.7221535969556905,-3.118769171282388,-1.487171837100819,-2.705175380243777,-0.8892007586590016,1.5997658571512912,1.7313918110439381,3.3956539447554452,-0.3189806020219017,-0.128084423845202,-1.041847072061738,1.063546223793077,0.06215210149459277,-1.5160023371478049,1.017904253440792,0.9163421566477031,-0.2203691166715966,-2.50985709015303,-1.2043604008082063,1.340089479535138,-1.5046718844536058,-0.04527043504097505,-1.868600071290623,-0.2890635318712965,0.8252053619934805,-1.098315915364572,-0.0850448801548107,-0.4949236977707495,0.6049991123549567,-0.8386954710008506,-0.12710038278504948,0.9831845523074032,-0.36741611688809844,0.4574449482703091
5.96718864488088,0.6183899007998848,1.5699359779314377,0.3072625180470468,-6.327040702715641,0.4907886688085712,-3.2332570331125354,-2.4117369106027877,1.159163400643866,2.3719235467798923,1.2936168837808506,-1.4287595388810557,-2.4362807592980333,-1.1898038012524792,-2.5588752331435813,0.4654643799124784,-0.372752906137577,-0.023576184791993894,-0.9338961450073496,-0.0006528515737809705,0.8671416833832305,1.455963800940403,1.7313909658992945,-1.3804414937319678,-0.5379900830693836,0.8159817638314864,-0.21315940509700493,-0.10442911674110032,0.8512895565315509,0.2680621744723702,-1.034795335576054,-0.29859272373508394,0.20733433925598702,-0.2867114919779763,-0.4644329048709867,-0.13655953906833224,-0.5393912062270245
2.097224467348644,-2.920706089572353,-2.60603896376728,-0.79156307349985,-8.30740584815746,-0.9245372140986104,-1.810135060424547,-2.033665628386961,2.4038388106857043,-0.23749458142533816,-0.4291123868477518,-2.8708057088263157,-0.6593231374635599,1.0211731464847569,-0.7894679404646374,-0.4997113907450036,-0.265385959734635,-0.1761827102933834,1.0389172362418544,0.5252341551822738,1.4450261129396171,0.16905139126674312,-0.7419747992304463,-0.6975106064649139,-0.1497601144826857,1.1763032147963077,-0.22904541554308752,-0.030132794447953967,0.1326628005116619,1.1093484202312949,0.9178634066795224,-0.36162393594649606,0.39167873907027967,-0.09442945826289918,0.2483691847972131,0.6597726835181048,0.9219393116261932
-2.3840000711417826,-2.667488407734131,-2.0753209021301333,1.9989741147997802,-6.699859340293776,5.152011177852213,-0.03979830023030585,-0.17082748887589724,1.228090221750668,-1.5794024511325335,-3.332309145582335,-0.17997506044417746,1.9712257338854722,-2.1864529065659246,1.813675771337045,-0.8084989085733268,0.862852164440138,0.4404424237290436,1.8374783712160594,-0.5740623285337033,0.7489282266637168,-2.6945096100975223,-0.13590467498317893,-1.2621469576661342,2.0767489888553032,-0.2781129456707317,0.7259401521879177,0.2856143121097532,0.0904921874320045,0.19326776921667504,-0.20567289498740182,0.36850400557075097,0.7236765903965834,-0.050099247271530596,-0.5772301244198486,-0.8004162037536356,-0.5571752296743069
-6.4728658361117235,-0.9927187305886802,-0.34299040232134337,4.9240645385584765,-0.36940066479090033,12.32124663869483,2.2374092537968897,-5.241161711462601,-0.8050101749496889,-1.9752680103686824,0.6339848978266097,-0.827037997833394,1.130007294023999,-1.8188101159006058,-0.35176324097383344,1.2069181314432254,1.8829273875479793,1.8331948725478253,-0.33625752921224766,0.8040013171044548,-0.6167982194605858,1.3884045318257912,-0.10552118094281893,1.0983454542098232,-0.8663097599639286,-0.5288339779141455,-0.9782956719306999,-0.3772570628607794,-0.5560394932580399,-0.5798433352677957,0.052629560928851495,0.4086809217701222,-0.2601613086288615,-0.10907346057265092,0.3411163922204318,0.27152453121932835,0.30952885936957225
-11.908316366264298,6.370649436154098,-0.8720989353699331,3.8878118283764103,2.09258430278863,4.405034777512139,-0.3307440886097278,-1.8727665619932805,-0.5497989947189891,0.16210603104184174,1.1436852737319108,3.607695003286199,-0.8866121146098659,3.431624388724064,-1.765549001298298,0.7815658923676625,-2.3515598426343582,-1.9964488229887531,1.3901794096700757,1.1159688556241314,-0.02834477492062548,0.05544837979481783,-0.211814860509672,-1.270774661695021,0.2923520049921774,-0.36804869077573377,-0.1366298650350928,1.47688783483566,0.973430195735827,0.37132221915131863,0.20613086818996865,-0.8276567200748417,1.247327600129968,-0.025122360012698318,0.7059710643123436,-0.6565442763920231,0.20596667269048216
-11.34294668467746,7.900647778210427,-1.2740732796743512,2.220950944147776,0.10633514706332896,-0.9154277934278462,-0.18918324402270817,-2.3218384117789173,0.13716507332926348,-2.1376802920721363,-0.7282168266331162,1.1180192511486757,-2.5736770262640802,-1.0162539555870216,-0.4516377850991023,-1.2663495514179188,-1.4288190262931268,-1.5142927078274366,-0.24986081843165867,1.7664744744080307,0.7468751250543263,-2.0148469356056706,0.5023792025899713,-0.1429226770992271,1.2243262649469735,0.5119509259758191,-0.017710255129614372,-0.296603579064901,-0.5745507162918916,-0.5710035690521987,-0.44364342293943476,-0.015944951071668212,-2.4568862855406532,0.5978744398408732,-0.7126773340491794,0.402335162987988,-0.1494666693942383
-9.679278316865595,9.127746817672074,-4.591374456005824,7.387810141131149,-0.11869112716712714,-5.2754135787440894,-2.358970186810399,-1.6316941317553566,0.8366768116574003,-2.1784500041811774,-2.6749202015726024,1.4587723662018275,-0.4821434330036858,0.08320186053849382,1.3180150104368706,-0.17314211388121634,1.1536153217818352,0.5454492107311323,-1.219739598173276,-1.2325077348718418,-0.6011743801985636,-0.10875356180475897,1.0727592024471617,0.6578412388326794,-1.22565374195908,-0.25405293184586136,-0.3164699663125449,0.8114096019924552,0.3778767289792386,-0.05896767672957144,0.5113124083091195,0.1459674319062595,0.7332949125883536,-0.7280358356811694,0.38648017555310277,1.0380394713968317,-0.5692060015052485
-4.698749075417106,6.458582070480411,-4.495519848671006,7.863895255475271,-2.399502806427002,-4.186836668869895,-2.2559234877594947,-0.6112123898049606,0.18680031748159232,-0.9322178681394435,0.6538776208309545,-0.22241356731338133,2.045446201070358,1.2549229692945045,0.4649119453297191,1.0846350816417878,0.7207160602346889,0.16482480617153136,-0.0036420033492452603,-0.728975594690746,-0.5850546505065981,1.2919430963625622,0.4446951382011884,0.39744374924963,-0.7406940558996609,-0.27506287396538437,0.8777985538374865,-2.561439623450552,-0.3969129063970439,0.4741218633531611,-0.5656531654359126,-0.25044217723428686,-0.011006623713620507,0.2247434573972514,-0.6080442162182083,-1.3559149983370278,0.26321077075310495
-2.251951624509473,2.945919534657739,-7.077728165905836,5.477308483529517,-1.4853191911660775,-1.7728092315416673,0.40284214436973464,2.9132026809021188,1.2475466426262667,0.1490369290343408,1.927868139881487,-3.432565168245834,3.2865425275608193,-0.05714184872926755,0.09611580361721883,0.6164295886230963,-2.8111082125298608,0.33483278655315113,0.5208780362899746,0.14763688996793106,-0.46602754838279525,1.414182747345567,-2.3690281804669007,0.08808853776204613,0.069116964117349,0.24761192776192625,-0.373983150358403,0.9961736670691981,-0.46163722214293024,-0.21285783496443395,0.05942924297604319,0.8576833014482091,-0.8397755896307152,-0.051342083129530515,0.18723195878869722,1.0055343197883724,-0.6531571116323863
-0.8446383176141027,1.3131885381672255,-5.372246919220311,3.9306602276769245,-0.054588211258098006,0.9147645838294367,0.06631250262867318,5.556246843936605,-3.9935971274460966,0.8044650840231974,1.5988836611375703,-1.5004460753330016,-0.0032609255454931103,-0.7122375708190971,0.14617087011879826,-1.6346259432517845,0.05324697229141514,0.12912961501052006,0.9203431248241306,0.0011374646878679945,2.207599904962371,1.3738455040521549,1.414729412826415,-0.17928012581458902,1.5100235414724255,-0.3476099342493165,0.9762555209096684,0.7069579373718501,0.5365284839823544,-1.2561764537978473,-0.40087439965961735,0.7014615178003845,0.3909540082304216,0.18381351902005374,0.48192479637610075,-0.04746275960294062,0.36399181580529505
-2.729691268956846,0.0902319123742177,1.5052780688670497,3.298634698266348,-0.4953007900539269,1.3115156373170174,0.7380761345947848,7.656702126473664,-1.5741966853379772,-1.1832840983732522,1.5870792119241535,2.3472794861132233,-1.0247720296908733,1.1924184348029807,-0.45492028653373934,-0.12354402060432043,1.1762417146057835,3.6290591954345044,0.5573022436548679,0.11993589362882483,0.04542787224470034,-1.1558288933297811,0.6340936169519288,-0.9624451443448373,-0.31283751222456235,0.8204926363438775,-1.479608576816647,-0.8342191492512299,0.812875450678184,0.7125519831157013,0.6712568292142692,-0.23543873337476195,-0.5162826845178257,-0.4320564986767475,-0.49051271482038655,0.02604060468573844,0.32224517741374803
-7.39291568698074,2.1034401090841093,3.6978020183939826,-3.4929350525300413,-0.6137734479696454,0.6898023752284186,0.3179419924949122,3.9994201038693435,1.6629612426199882,0.10482917026277977,-0.31256545275119746,1.045869809979612,-0.3692317068223536,-0.38826048592902007,-0.8699805526000722,1.385364313520612,0.7393855544794916,0.2673868267760487,0.14546677489916188,1.5447982066312167,2.0221537137424472,-0.3521081840623898,-1.175730109296572,1.1642938199977917,-2.722724064744208,0.49839772860187254,0.5513819735962944,0.5403514914501374,-0.747419193746035,0.801969751203824,-2.069422852915281,0.6080052874027967,-0.14720301931795896,0.9137396275048926,0.4897101421900618,-0.5561318723615243,-0.2756333394671347
-9.593946138273736,-0.401919388215171,4.4279218142943515,-5.434246786425347,0.9780659146766111,0.8945192329495217,-2.173104733852774,1.057851442244057,1.7187982084733342,0.18975667110278163,1.1748232954145246,1.9945109513022603,4.732916813152828,-1.3061876556274314,1.2640819694143783,-0.3571224295876966,-0.12128686052455383,-1.2309454568544955,-1.1787392901963267,-0.6357180880954493,0.492114151780002,-0.08917619841890267,0.9732707183231508,-0.4775910988995041,-1.1497166664708716,1.1899525952365515,0.940995498677565,0.7531470370323694,0.6409438859319085,-0.7544740233097647,0.9256113824126798,0.47869976031704126,-0.004939462330441266,-0.7176160294839122,-0.3754132098438443,-0.3447737027899439,-0.6757252186391512
-10.002226462239147,-1.7057746772980642,1.8588333125952794,-7.835678470684731,0.7797365921855324,-0.752110124532548,-4.186423218272573,-1.3975375765408562,-0.8082820643995451,-0.6915673151213237,2.009126058951607,2.6867368732081194,0.7743519029210111,-2.1295339828661906,2.4618115306855786,-0.39403204916771994,-1.5534986174282928,0.05799675645421086,0.46462292874028494,-1.5627699317251207,1.2257097711259617,1.8690175488100684,-1.4772254542629972,0.5396465413613833,1.4534990175943872,-0.010661599940567024,-2.2485512415225117,-0.8738036988656763,0.06980164427422215,0.2555961986255351,-0.6895748722234191,-0.5441233629170611,0.2984249347831749,-0.16373294017533965,-0.22828248689205413,0.4601645819449779,0.2853071346938251
-10.687260386795314,-3.847056428044438,2.3772807929047843,0.9403367826532503,0.2776734514847648,-2.3908155114563385,-0.47129639314621896,-1.9360067769529545,-2.5952227561637717,3.5625285218444165,0.741738177921566,0.4848059376120159,-2.6815789177018674,-2.3817854819230018,-1.3586285219713101,-0.6417868624300003,0.8580146842452285,0.36795035324747927,1.2811986498184307,-0.2833015101426589,0.18155351136549555,0.4837069533619247,-1.9085412878691836,-0.25586207298626285,-0.04843784039405973,0.6186521376667279,1.3994032562209704,-1.3923723671067842,0.25346643319955936,0.0897655942198553,1.6785213277331184,0.5374271942422079,-0.8520112793654342,-0.28596757849846616,0.8909596673704995,-0.7650435043262228,-0.4929288207555939
-11.612702258401672,-4.898468572326814,2.6728122619105106,0.9955164932246765,-0.08553210939053302,-2.6653716483304435,0.30044569403610843,-1.5944515035438214,0.4550361022249921,4.30042329934707,0.11648379444870528,1.0427635125998773,0.21696276133884196,0.9293367215479124,-1.4597694628745437,-0.8595004018511747,0.6770741454788781,1.6771504249079934,1.6105013574114802,-0.12758320534332476,-0.8856071528846513,-2.0909718476373436,-1.1070321368130058,1.4922043553795665,-0.14279064119620963,-0.8062410651942657,0.201220106607928,0.13336320477770414,0.43308828083446366,-0.22466826533610226,-0.31321776967790793,0.4361207399019727,0.7123322799841506,0.2974140127862232,0.040336591060514154,1.2926346940105498,0.20524766464830738
-6.429303402549674,-8.087797976128451,0.9672684311826638,0.37512976532235864,2.026565171445139,-1.8860191439597105,2.2053575916363486,-0.6530196087441764,2.3569703048107953,1.616163099362463,-0.29448059346571437,0.4782910764059973,0.5291029342798419,0.6776139323881271,1.534998423284697,0.6929637427602457,-0.9846774438143773,1.6574424496277143,-0.09393333829575724,3.020655704097808,-1.9851520879795213,1.2514600749031652,1.5340605017434825,-0.03025156665751574,0.9129978749286236,1.498128235509854,0.8253931963081713,0.5699128564125141,0.13462829186325137,-0.1677101088633311,-0.06505334000621707,-0.3035569205525435,-0.022382113308160246,0.5854634855109891,-0.8439052939248414,0.2147322761677589,0.3052286828326026
-8.387222103185128,-7.14706456175954,0.43741235279667423,1.9362896224984714,-1.871158809464832,-1.0986115791232236,4.393077943448122,-0.7850434750765791,-3.131922180897643,1.8043313800794243,-0.7339443750215723,0.8255730257856747,-0.07202430763745439,0.5344684157941003,-0.01112201534844837,2.2922712775461735,-1.1251735740058206,-0.506367957528166,-0.9706905324293704,-2.1907831991213214,-0.22397993802585464,1.062330016028133,0.2585206111177395,-1.2410338895378776,-0.05351340498360835,0.4164481100517091,0.8239166837927544,0.37054177886549833,-1.1647432572386247,-0.0005258065242054592,-0.9159503549687916,0.057889452869650436,0.33098924550680636,-0.3610741027197189,-1.2678030486923713,0.012855513446103264,0.7787380217005028
-10.623731161466635,-5.680425502968415,3.7306125464676176,-1.2738762780560617,0.3710630400517523,-3.2007030322605834,5.575631648164882,-0.6468446098064266,0.12041571405618726,-1.274392578996213,0.8395631339661649,-2.773229637865846,0.9843808918218369,2.287856773279083,-1.7997063357852794,-0.39151290518075504,0.049705131249146994,-0.9496237779681527,-0.4851340104871903,-1.0945468892453076,1.1342297497478195,-0.8019377013827804,2.0239528145176635,-0.6382837035822645,-0.21096167252681164,-0.41258151086980127,-1.7456276580282524,-0.4778898520264539,-0.8131674810815992,-0.11541513267184941,0.8694134382158322,0.0647862678028123,-0.08646308041476347,-0.42388497282310367,0.7867861764313192,-0.3414536301903402,-0.7805039039856065
-11.266337598733353,-5.378350528555974,0.29974344618358917,-3.3529639728782628,1.6902631497838085,-3.9417298444605318,1.1235957641990733,1.1952469380156854,0.5161730365451581,-2.818889497684634,-1.9714171335054582,-1.854702160796271,-1.0967868371715612,-1.700492469580261,0.9655450174989088,-0.4589532903787565,2.6222482280789845,-1.0230274129952648,1.4251051845614944,0.44676143486081266,0.022963814246926274,1.597869183322306,0.04915100552026517,-1.4997233289532172,-0.36662621527055034,-2.04588913871966,-0.028763345317023577,0.8739007182872571,-0.05391320453645699,0.056934923989290606,-0.755883058328875,-1.3592754224451362,-0.3439286800332895,0.29621095729636865,0.33682230687854114,0.24786721526225458,0.035326767570038727
-6.632461813728723,-7.6682358974509,-3.720278603234617,-5.334344040614998,0.8487559211231518,0.2954656384824034,-4.059426591862192,1.652741457845264,-1.8216763462471282,-6.153511021703934,0.3086578116971667,-2.276346737704512,-2.5968655738958,-0.9046246212119757,-1.2642417491836813,1.6198945806105787,-2.3805231999716785,0.660606273996068,-2.2708318375093106,0.7195094056393462,-1.9210340843858946,-1.2860958937985216,-0.29309565154836215,0.43169446396506794,-0.1492189037167186,-0.4828384441991159,1.1781979419306468,-0.22379617944782368,0.332861780602606,0.13476900399704633,0.50905726734161,0.45334893505553864,0.7795869981555761,-0.08248965907489872,0.05976109007911016,-0.25373149249578686,0.1484381792925296
-6.073923678409603,-0.25413082194003517,3.0830805152292102,-2.6907666779113972,0.4050895531715335,2.49258911239476,-3.923729728983878,2.0902505082571037,1.542910990320995,0.5021994267057763,0.5320315008055352,-1.7975170684220971,-0.10389071219739364,1.6617024078276958,-1.7762296916951026,-0.5706093103428115,2.037908626765642,-1.914777640578913,-0.026521352515893815,-0.8754157729337646,-1.2388920126166478,-0.41582257546895446,1.2325436445948759,1.715563123189705,0.931039663160908,1.0248264757492533,-1.3563716595210917,0.2866399932147734,-0.5662697348645378,-0.2547308199096751,-0.3512517029428006,1.1211242766341367,0.021515815047943306,-0.06639577705970182,-0.3451752986284538,-0.25564567615795447,0.5447233741174041
-2.013381573243273,3.555152316200403,1.2934655214416109,-1.7019729993004615,-2.4810919269722405,2.470017758326673,-0.22688075936416452,2.7514875278815483,2.146650465237264,2.9277858950082103,-2.56823336037818,-0.5276015650123177,-1.2249011205720706,1.5474445527715999,-0.0820638188879529,1.8782047308293934,0.7454783418269916,-2.065226886118098,-0.7580687430796744,-0.8698895521215791,0.013625818782012597,0.8658924756086209,0.24439277006521126,2.2398551967926785,1.8165627983476038,-1.0809522040728476,0.8396993486415344,-0.33988617895985274,-0.10884633690512983,0.5027119370654196,0.5656159184752169,-0.2564479525356407,-0.16582686233934368,0.3064395851661017,0.4794564293077853,0.1891019452098686,0.12410705972432146
2.7919159674941083,3.052055885797933,1.2494352857688207,-4.1386964933662265,-5.716450995386594,1.3363078630734817,0.9356099376473862,3.7469908025486576,0.038081477786497064,1.8308154422463945,-1.5328966210092965,0.7128715146246185,-0.08100099392691336,0.3361647747117999,0.3466230344920964,2.2629695481446266,-0.6532820673888666,0.5818117796324428,-0.30560884675101435,0.8925108540077393,-1.2852593867975006,0.13760374748753856,-0.404611631595422,0.4563092587524735,0.21806050132988872,-1.210059394049858,-0.519825957261873,-0.7864010749997944,0.42291963155632945,-1.3045063937651256,0.5742071784985675,-1.7633652175873173,-0.5040458899711857,-0.7308383820278793,-0.30037964062781936,0.35054675451296674,-0.5297182413312235
1.6395901393429493,4.441148344145162,-0.6399655211731902,-5.684879549069752,-2.1984257725079774,2.2862344078177603,-0.07035379774819153,-0.04609010495469372,-1.3999060970384094,0.2352600979516027,0.760478978339758,0.5380167142859446,2.6640414963830916,1.4937325476511183,-0.9657310014199417,-3.0538258538033034,0.8141958591166657,-0.02136340152311124,-1.4719159546447353,0.3032166060618787,-0.3863144062524742,0.3050143424753356,-1.271799067653533,-0.8444483964465958,-1.2069017833130287,-1.4395664212525188,1.1877282074523228,0.7713708648298666,-0.9128260399081395,0.7960343227826115,0.9194026964811932,-0.8122507451533802,-0.69301663833716,-0.15101712884419558,-0.5169586004488566,-0.35105878707381843,0.5354558162943005
3.0039277229857335,3.110409645291651,-4.947595783432105,-7.5066684557628385,-1.614101531668334,1.6766158699651539,3.1680442738822943,-1.157954967990649,-0.42883854651317865,1.3235302454713145,-1.108951789518869,1.4373901448772757,-1.8187710075405452,1.372533220446733,-0.7511924415928253,-2.259270691050363,-0.8914456316163788,1.2285674160612157,-1.9635665625056296,-1.064609125375752,-0.35855069398698314,0.8755444964745618,0.04183215243822213,-0.3825455463891191,0.30119862059819486,-0.6036957455029291,0.5028466550478696,-0.2707610541579755,0.3875315697347784,-0.10243942716204582,-0.6109303586110533,1.7630153196036702,0.05660231327737092,-0.03565912086287928,-0.058012543889373,0.5267830951965696,-0.8922465413724452
4.668245134372119,4.928498810799877,-4.48378603085948,-4.919777842909845,-1.4622894878052344,0.6840201637309687,2.971886537646635,0.44298886274860394,0.25860626988908536,0.8709370701100714,-1.469766001614415,-0.6617075363562008,-2.5745750724195924,-0.4229107730369432,3.203180423233042,0.883349852465318,-0.49375703692042955,-1.3023695913869988,1.5630024221878096,0.886099057272878,-0.3214923023153992,-0.43781307480092513,-0.52420719627545,-0.6993606933395442,-1.8359220467319217,1.6431005996494024,-1.168406047729242,-0.08058609060660639,-0.858590596884177,-0.22212769614606934,0.6111320810240607,0.5447362173478143,0.7229772673584556,-0.6037742757301993,0.007030347881888439,-0.12402481293760487,-0.02008079726595966
-1.9537152598211558,5.183268328053268,-3.994699878736065,-6.403118764678384,3.120276929268486,0.7288016001551154,1.3540560961159145,-2.3796105336032296,1.2523088776108369,0.6100005015248011,0.30477793634453615,-2.416311945461265,2.2438514070648936,1.3559813723213194,1.074601540242276,0.059951382349322506,-0.2832359632306249,1.3328414455324367,-0.14042169080891537,-1.0835731656297107,0.5970433581018991,-1.3763582941039831,0.810486814717889,-0.381077573467851,-0.0832121755152243,0.9021867734401219,0.42278718025041445,-0.9279862272706032,1.3398293800575392,-0.1195684772012421,0.15322201715341932,-0.7915980272967955,-0.6107837486212848,1.7351813088634365,0.25413543573078323,0.17883953418351134,0.6925032803402
1.403288903484358,3.3083122376942766,-6.566631505772185,-3.3552000499172543,5.095727680320744,0.1507013841582656,0.692643593341444,-1.4628398815365342,-0.1362522543551837,1.9505684442922837,0.5162217395119781,-2.3740335525955842,-1.8506100941763841,-0.207284393962986,1.7427409864954764,0.26071678651824703,-0.6760998831294014,2.5005298090935746,0.7318035955488551,-1.1588905722086367,-0.04397196212061431,0.0408061567111772,0.47498099828568646,1.420638314531128,-0.0009415358110415942,-0.4187440179271525,-0.45661161221252966,1.1519547201831901,0.7470722017515993,0.3743754586480366,-0.2823362943875484,-0.5689626127251556,-0.01280247312068499,-0.21320109529147172,0.28091476810310656,-1.6697912789430336,-0.3251952015993036
1.6871005505393506,4.027654105323451,-1.8014892776260851,-0.16267032677819684,4.858091526158347,2.454781145981743,-0.03805048188860322,1.0251822780302038,-2.2234783293149083,1.257594449663237,1.9014108458970023,-0.8886746214277609,-1.045116651456574,-0.37756552704743424,1.7287243553588867,-2.639647947178544,0.13774066883226566,-1.1188646061612662,0.2530253297825979,0.832068104244319,-0.7831031642470007,-0.6024352140529101,0.9508531669638709,0.1845930562282082,0.27086859497649785,0.4216499092563491,0.7595830756599639,-1.2616359063365665,-2.373690237112055,0.9934810131490215,-0.34085010698720897,-0.8115430596412454,1.0263832615065358,-0.5975373159081666,-0.15801495050143985,0.8782586152485512,-0.1912459716826938
1.4143307058349264,1.3092742848267716,1.230313165767944,3.047461461995699,7.796243632597868,1.4862418574793765,-1.7793620775510863,0.6095386467112885,2.5749647614131472,2.772790501014866,0.07699492015018616,-2.92261739590178,-0.6626457399637476,-0.6017087937222803,0.08599420958162017,0.2063108729283688,2.12222743014803,-1.2697355446761962,-1.2046142476486152,0.37299708951888777,-0.24085534431609343,-0.6064107409295423,-1.6487724522974168,-2.063098716708425,-0.4165090828517118,-0.14563589131660393,0.26933320876864264,-0.3864377370835386,1.3754583398167015,-1.0480229760848763,-0.3394875522224897,0.052380102242815425,0.25402288742261525,-1.0309367545103005,-0.5854896783678999,0.35120919077099483,0.5468690038629104
4.55474427720696,-0.06219924238823398,2.7353752950938675,4.851137163165058,4.015753371029479,-0.4031667996026577,0.5117371831228807,0.1385712338633153,0.5688991540370391,1.9316219329634376,0.6218179542130869,-0.5006462726412878,-0.14594135286311755,-1.3296367629242687,0.5503504739135602,2.3843691489059085,-0.43196350367688546,0.3245346242334729,-2.4167042814624407,-0.517479604500851,1.7718530387473541,-1.7019860773661188,-1.072953490722489,-0.4527674706514437,0.8433647299981875,-1.1326095190617296,-0.8462804543372535,0.48619057219542866,-0.6624444034457018,1.7956153239493045,0.6629328771700636,0.13914116217797712,0.42317285267051286,0.824897213316305,-1.0472778008099746,-0.03270556620070309,-0.608865241819222
6.169052343512521,0.052247175520598974,4.225786789489732,3.4707624408403945,1.1090305639732292,1.0939252003899058,1.950163440363575,0.9652907442027515,3.3455841869869465,-1.4968315655662265,0.5755040541160712,0.5503661562067685,-0.20640994516019917,-1.5816806189238,-2.066436967824961,-1.606064852764122,-1.0073145107152435,0.9037440626806722,-2.431643446979535,0.17577556212579415,1.2242755785638546,0.680123052323626,-0.3459527101101047,-0.1324322885671551,0.679796083065441,0.7401927342238811,0.17187465441430316,-0.49363287517876864,-0.2751286557740949,-0.620687785496426,-0.23379378526997227,-1.384618914151939,0.7543520007760153,0.2340447166767553,1.2132578509013925,0.24724756085301036,-0.2521871602448737
5.726880910875657,-0.22761210558581552,4.587775986999248,3.6779193663612033,-0.2739998931557572,-0.49381982692694804,3.780401801502928,0.9734001998669771,3.2090210168762354,-0.8480086334279799,-0.44953111678617813,1.45035596180215,-1.0811522621050813,-3.0901036788859764,1.0094199068326426,-1.0421642315931576,-1.881464599613952,-0.7206359437152106,0.22624550995906967,-2.0594277882081315,-0.36191289372748453,-0.5923406167290057,0.3443395087135517,1.7085908083153467,-0.8329603142374495,0.20818635828139156,0.8485350782682838,-0.1361221346431624,0.2020676218782468,-0.6940539006286148,0.07876079378138871,-0.30285368934422224,0.0919427864953184,-0.3581049033172252,0.2661227471033621,-0.43289518277600947,0.8919591552668122
7.842333437237796,1.744069310997063,2.7590901531054066,0.7613695569006549,0.8289569844734478,0.12535158194717586,2.7310743868019283,0.7976969168377672,0.8831478244037534,-3.4889307796328484,1.481818143451197,-0.4421682230032932,-0.3003324640505657,-0.7033935472738905,-2.4183698684255663,-1.4821827683959663,0.041732222367147236,-1.1478102462190054,2.2958393583557077,-1.9250912446336876,-2.092284539258886,0.8434039162399621,-1.0339603041595413,0.8331378194814988,-0.04146283137208941,0.6617577897148631,0.24031915499613507,0.5950016750196367,0.711634433461738,1.050214187856907,0.41756232262421694,-0.221729565027775,0.24310997370105017,0.759222183484083,-1.0696421433040313,0.21253216062139085,-0.17651320714076443
10.006924017151594,3.9440692852841046,-0.03189764116850537,-3.8155685771883587,2.612207573007744,-1.048219404589296,2.0804648623369206,-0.8874435675882318,-1.0340608434754175,-1.6962368719373142,0.18989969529071213,0.8067683536435566,1.8795363915328702,-0.6678121420465981,-2.6611398522793004,2.2245664331162245,0.5553587805416856,-0.9546514310063061,1.9609321049957322,0.1080805333927176,-1.0198907009876523,-0.46091462266188604,0.27054050518045303,-0.8659103554314963,0.40825956606334507,-0.40858553742471976,0.11412970888293267,-1.2677876616249775,1.0934791791677805,0.1403884537122224,-1.3118033446058956,0.37624528531935325,0.054782493478851814,-0.44555606960702604,-0.12433164738824663,0.44089700414361294,-0.8564958351062985
8.715378447738889,5.425687243676041,-0.6187847843274117,-3.4478008618006735,2.100878618392778,-3.251800022493177,1.553855077015892,-1.1450531841212417,-1.4565038339535203,-0.7835108655255365,0.11471890007936586,0.9126260288056037,1.3111211596905328,-2.33502776420551,-1.7061181901072664,2.598617469579339,0.057832543536147224,-0.5588288419367388,0.49505728336280924,1.5350083934591836,2.0483352575622877,0.17006560715025298,1.0464121144745255,0.8374329690564971,0.5014341913381873,-0.6082851010520774,0.1677460773915978,0.31232262803470967,-0.07098160509272632,0.1229077042737002,1.2077096954094295,0.9541167990797651,-0.11070317368313237,-0.6700768467421359,-0.05498598106794135,0.26699210754293295,1.4957958568989345
7.7658765336206335,1.8829173247063609,-3.8252210133280715,-1.5983155026502054,0.5484727503722496,-2.11522456956456,-1.0516524280159347,-0.526761668005055,-0.5284351259328075,0.06085752030758971,-1.2653721762259478,2.298754513202973,-0.5058787413200764,-1.506453008738959,-1.202056970663735,0.46024434668654834,3.317073922989578,1.682124292647711,-1.0466933109031442,-0.7654688796251163,-1.096374414430919,0.7833234134893252,0.3361044316607688,-0.7225024357229697,1.0240853870463138,1.5002282730489744,-0.21866985132886435,1.7560029446358463,-0.7094750388232902,0.5718623171309976,0.1828060325896474,-0.25129038291949657,-0.49574766652282076,0.25618688866486894,0.4273751006756496,0.11429989349925868,0.13830487498831096
6.070848715773391,-1.470683332815491,-5.171681078475456,-0.9195739702092658,0.6616660831269541,-3.109813861556946,-0.18155031184304463,0.523709801764461,2.3181739485825394,-0.430115821503347,-1.3572217026958644,2.33387756723037,0.6388855507985353,0.9031651212083528,-0.7240191925422638,-0.8763087085166275,0.2962055987054277,0.24651828046740915,-0.44654986615028885,0.5820712674727212,-0.5447374130494551,0.0686412245537045,-1.2719312762550443,-1.397191859248109,0.3668992333805312,-0.6433805903355191,-1.083683350471364,-1.1587627101641564,-1.0124083561250663,-1.3765802372083515,0.06611940772832163,0.998887420997297,1.2018583474819713,1.197106733741685,0.46140780606226456,-0.7484757042702099,0.7515008836722694
6.276641288641528,-4.430779865715487,-4.780039030847487,1.712116694113468,-0.8614345015997434,-2.8878070377503153,0.4576013668488029,-1.0846067626737064,-2.093379329900373,1.3111876916287155,0.5189947700566913,0.0553175281817648,1.52653323612572,-0.5201326173678409,-1.17339896789326,-0.7396952707466629,0.8531871093247886,-1.7305788289584483,-0.8471512973433425,1.7410070351315987,-0.9656930605272861,-0.6865442360682192,-1.116083399058014,1.661769719740711,0.723096228973835,0.8324865597034402,-1.1499667691977984,0.6472523187359601,-0.11271444778774724,-0.85915213121578,-0.13602056409678917,-0.8544478721071832,-0.10123306424514195,-0.17113249026328273,-0.23261566430998276,-1.3789492649310715,-0.710888412028242
7.094930204106328,-7.136732586284258,-5.08200464447225,1.4813816285064647,-2.8875598751303957,-1.3244466095684717,0.3700055348047519,-0.8012376677100961,-3.1579730325517956,0.6966659513175785,0.07571873259768859,0.5211848917103956,1.8904231609943158,0.11914174717600468,0.4866074518469881,-0.8660715698953108,-0.09861499342390004,-0.8821304852335213,-1.3074911466909387,0.2340014517299781,0.2969411683224836,-2.2424652749565666,0.046596543811301086,1.124948411412908,-0.7325824425758256,0.06631386993462705,-0.14659316460304167,-0.0032257247847106087,1.1179142537072289,0.8815118605680266,-1.3882644439174405,-0.5706913834210274,-0.20178518159950326,-0.8493780478316679,0.9274016541552604,0.5458642627838468,0.6929282395517866
6.916889155753938,-8.265570437780433,-2.3520541592014306,2.2800851871727894,0.5735059966729948,0.29539421732389914,0.5585215992489037,-0.06457870320480462,2.8967662169538317,0.01534357091188644,0.9570810414654882,1.799594048559451,-0.3985557820184421,0.2605916873737803,2.3983775297916115,-1.738695216264781,0.3298330406954939,-1.3081759888764701,-0.10952421062520325,2.2526731941780267,0.2488977092303705,1.6312274274173906,1.3039426822709035,0.6503141034660842,-0.3461951709588912,-1.4250087612640954,-0.34028549265058955,-0.6143409531667079,1.3573213409010114,1.4828363349603575,0.5789291258105794,1.0509430330129033,-0.30469466391906186,0.14476242528254102,-0.3110568514299609,-0.07523935353708835,-0.4151384161586979
10.28219790206151,-7.848064539122725,-4.941453968805384,2.4996442707971274,-0.04853848417320601,2.774704562988949,-2.198233639068431,0.16767175957515676,-1.8559142355702467,-0.03539127694327813,1.5322284799239216,1.6842485034800385,-2.0322915180345755,0.9074961847226587,0.977156791874521,1.018134981323327,0.35572149817542764,-2.078770572880622,0.23170009977517408,-2.0393326547323634,0.5980427231376557,-0.47199887450513717,0.2968536631295249,-0.28840696665468746,-1.7585761375403384,-0.33967094274770776,-0.22243672434579922,0.3321104398525511,0.025474545468611824,-1.4305760865471198,0.5254377407709685,-0.30625679950734436,-0.8239640521772085,1.60556961930672,-0.36101074632612795,0.5702106329205785,-0.15455282525050043
8.625666972738772,-6.2799347999968615,-0.1772983961294057,0.10436292305550367,3.0978068999407524,1.4477667529532798,-2.155093226215136,-0.36802265632777187,0.9125514940909014,-1.377644376380766,0.3046102306806223,1.286040977617257,1.0354969224493247,2.4568449475700724,1.4593847911434636,2.461632877437428,0.5445741167511275,-0.030693570933474072,1.1034339376558917,-0.5225986748549118,0.1289476361112707,0.003470542890475077,-0.08225636642899643,-0.41165696975767807,0.9136655988673552,1.0958983224242975,1.4700582094573564,-0.343120935046623,-0.9895002328430513,0.40270246509313373,0.0641886669243891,-0.11362816554115399,-0.5026147914953614,-0.33533131807239164,1.5903838429334958,0.38611678930560933,-0.7781084844557512
9.446581343496224,-4.61764815530067,0.12742715754425224,-0.008046515059126347,4.184947079242247,-0.2713024702241434,-3.1140826434869218,-1.6633797012477545,1.8977469362218358,-1.0962684225599786,-2.2874467773476406,0.07889785233806293,-0.40811566223132684,2.7207775934957104,-1.8788253536620565,-1.0485382223702966,-1.1844419737331993,2.338518899476034,1.9478551613857595,-0.1312589256875977,2.358824480676782,0.19565101428973816,0.044603813833535115,1.0338202923485802,-0.5241704499679007,-0.6213967038288009,0.38879532198640293,0.2832220517363906,-1.1256060415371378,-0.9143048602630142,-0.09601020775781206,-0.3383224563259453,-0.35949563252043854,-1.3044335399016185,-1.2809642792775768,-0.10796325808591752,-0.15232425598410296
