window_id,tanggal_awal,tanggal_akhir,jumlah_hari
1,2025-08-31 00:00:00+00:00,2025-09-29 00:00:00+00:00,30
2,2025-09-07 00:00:00+00:00,2025-10-06 00:00:00+00:00,30
3,2025-09-14 00:00:00+00:00,2025-10-13 00:00:00+00:00,30
4,2025-09-21 00:00:00+00:00,2025-10-20 00:00:00+00:00,30
5,2025-09-28 00:00:00+00:00,2025-10-27 00:00:00+00:00,30
6,2025-10-05 00:00:00+00:00,2025-11-03 00:00:00+00:00,30
7,2025-10-12 00:00:00+00:00,2025-11-10 00:00:00+00:00,30
8,2025-10-19 00:00:00+00:00,2025-11-17 00:00:00+00:00,30
9,2025-10-26 00:00:00+00:00,2025-11-24 00:00:00+00:00,30
10,2025-11-02 00:00:00+00:00,2025-12-01 00:00:00+00:00,30
11,2025-11-09 00:00:00+00:00,2025-12-08 00:00:00+00:00,30
12,2025-11-16 00:00:00+00:00,2025-12-15 00:00:00+00:00,30
13,2025-11-23 00:00:00+00:00,2025-12-22 00:00:00+00:00,30
14,2025-11-30 00:00:00+00:00,2025-12-29 00:00:00+00:00,30
15,2025-12-07 00:00:00+00:00,2026-01-05 00:00:00+00:00,30
16,2025-12-14 00:00:00+00:00,2026-01-12 00:00:00+00:00,30
17,2025-12-21 00:00:00+00:00,2026-01-19 00:00:00+00:00,30
18,2025-12-28 00:00:00+00:00,2026-01-26 00:00:00+00:00,30
19,2026-01-04 00:00:00+00:00,2026-02-02 00:00:00+00:00,30
20,2026-01-11 00:00:00+00:00,2026-02-09 00:00:00+00:00,30
21,2026-01-18 00:00:00+00:00,2026-02-16 00:00:00+00:00,30
22,2026-01-25 00:00:00+00:00,2026-02-23 00:00:00+00:00,30
23,2026-02-01 00:00:00+00:00,2026-03-02 00:00:00+00:00,30
24,2026-02-08 00:00:00+00:00,2026-03-09 00:00:00+00:00,30
25,2026-02-15 00:00:00+00:00,2026-03-16 00:00:00+00:00,30
26,2026-02-22 00:00:00+00:00,2026-03-23 00:00:00+00:00,30
27,2026-03-01 00:00:00+00:00,2026-03-30 00:00:00+00:00,30
28,2026-03-08 00:00:00+00:00,2026-04-06 00:00:00+00:00,30
29,2026-03-15 00:00:00+00:00,2026-04-13 00:00:00+00:00,30
30,2026-03-22 00:00:00+00:00,2026-04-20 00:00:00+00:00,30
31,2026-03-29 00:00:00+00:00,2026-04-27 00:00:00+00:00,30
32,2026-04-05 00:00:00+00:00,2026-05-04 00:00:00+00:00,30
33,2026-04-12 00:00:00+00:00,2026-05-11 00:00:00+00:00,30
34,2026-04-19 00:00:00+00:00,2026-05-18 00:00:00+00:00,30
35,2026-04-26 00:00:00+00:00,2026-05-25 00:00:00+00:00,30
36,2026-05-03 00:00:00+00:00,2026-06-01 00:00:00+00:00,30
37,2026-05-10 00:00:00+00:00,2026-06-08 00:00:00+00:00,30
38,2026-05-17 00:00:00+00:00,2026-06-15 00:00:00+00:00,30
39,2026-05-24 00:00:00+00:00,2026-06-22 00:00:00+00:00,30
40,2026-05-31 00:00:00+00:00,2026-06-29 00:00:00+00:00,30
41,2026-06-07 00:00:00+00:00,2026-07-06 00:00:00+00:00,30
42,2026-06-14 00:00:00+00:00,2026-07-13 00:00:00+00:00,30
43,2026-06-21 00:00:00+00:00,2026-07-20 00:00:00+00:00,30
44,2026-06-28 00:00:00+00:00,2026-07-27 00:00:00+00:00,30
45,2026-07-05 00:00:00+00:00,2026-08-03 00:00:00+00:00,30
46,2026-07-12 00:00:00+00:00,2026-08-10 00:00:00+00:00,30
47,2026-07-19 00:00:00+00:00,2026-08-17 00:00:00+00:00,30
48,2026-07-26 00:00:00+00:00,2026-08-24 00:00:00+00:00,30
49,2026-08-02 00:00:00+00:00,2026-08-31 00:00:00+00:00,30
