komponen,explained_variance_ratio,cumulative_explained_variance
PCA_1,0.294106923790632,0.294106923790632
PCA_2,0.12141368704351627,0.41552061083414826
PCA_3,0.1028123154005146,0.5183329262346629
PCA_4,0.08153999250932775,0.5998729187439906
PCA_5,0.05372605124160332,0.653598969985594
PCA_6,0.046448388505416285,0.7000473584910103
PCA_7,0.028639601454505777,0.728686959945516
PCA_8,0.027755747583199687,0.7564427075287157
PCA_9,0.022202964022492548,0.7786456715512082
PCA_10,0.02180179542292582,0.800447466974134
PCA_11,0.016712828484385316,0.8171602954585193
PCA_12,0.015815071482205175,0.8329753669407245
PCA_13,0.015321000863235559,0.84829636780396
PCA_14,0.013791744587686425,0.8620881123916464
PCA_15,0.013244371439752793,0.8753324838313992
PCA_16,0.010839022088598601,0.8861715059199977
PCA_17,0.010024548003136862,0.8961960539231346
PCA_18,0.00952635703747835,0.905722410960613
PCA_19,0.008170347856469525,0.9138927588170825
PCA_20,0.007483964661113324,0.9213767234781959
PCA_21,0.00726197284771011,0.928638696325906
PCA_22,0.007049209117819709,0.9356879054437257
PCA_23,0.006263440118612088,0.9419513455623378
PCA_24,0.005947750826343092,0.947899096388681
PCA_25,0.005194830672341077,0.953093927061022
PCA_26,0.004465803999633871,0.957559731060656
PCA_27,0.00413752312765038,0.9616972541883063
PCA_28,0.0037568350440865517,0.9654540892323928
PCA_29,0.0036444720599338007,0.9690985612923266
PCA_30,0.0031828351468162017,0.9722813964391428
PCA_31,0.0029149246973768504,0.9751963211365197
PCA_32,0.002839414837423879,0.9780357359739436
PCA_33,0.00268863954652205,0.9807243755204657
PCA_34,0.0024228586427768647,0.9831472341632426
PCA_35,0.0022863876799132593,0.9854336218431559
PCA_36,0.0020934444779041176,0.98752706632106
PCA_37,0.0017915482662077596,0.9893186145872678
