date,CO
2025-08-31 00:00:00+00:00,0.0238432772457599
2025-09-01 00:00:00+00:00,0.0238432772457599
2025-09-02 00:00:00+00:00,0.0232973955571651
2025-09-03 00:00:00+00:00,0.0227515138685703
2025-09-04 00:00:00+00:00,0.027560593560338
2025-09-05 00:00:00+00:00,0.0285383593291044
2025-09-06 00:00:00+00:00,0.0295161250978708
2025-09-07 00:00:00+00:00,0.0377523750066757
2025-09-08 00:00:00+00:00,0.0359579864889383
2025-09-09 00:00:00+00:00,0.0341635979712009
2025-09-10 00:00:00+00:00,0.026306863874197
2025-09-11 00:00:00+00:00,0.0289563555270433
2025-09-12 00:00:00+00:00,0.0316058471798896
2025-09-13 00:00:00+00:00,0.0282020680606365
2025-09-14 00:00:00+00:00,0.0298352017998695
2025-09-15 00:00:00+00:00,0.0314683355391025
2025-09-16 00:00:00+00:00,0.0310414318616191
2025-09-17 00:00:00+00:00,0.0306145281841356
2025-09-18 00:00:00+00:00,0.0301876245066523
2025-09-19 00:00:00+00:00,0.0297607208291689
2025-09-20 00:00:00+00:00,0.0293338171516855
2025-09-21 00:00:00+00:00,0.0289069134742021
2025-09-22 00:00:00+00:00,0.0308638792484998
2025-09-23 00:00:00+00:00,0.0355609022080898
2025-09-24 00:00:00+00:00,0.0318901808932423
2025-09-25 00:00:00+00:00,0.0282194595783948
2025-09-26 00:00:00+00:00,0.0329745300114154
2025-09-27 00:00:00+00:00,0.0316052883863449
2025-09-28 00:00:00+00:00,0.0318709202110767
2025-09-29 00:00:00+00:00,0.0291950590908527
2025-09-30 00:00:00+00:00,0.0295472691456476
2025-10-01 00:00:00+00:00,0.0298994792004425
2025-10-02 00:00:00+00:00,0.0302516892552375
2025-10-03 00:00:00+00:00,0.0313222408294677
2025-10-04 00:00:00+00:00,0.0319835394620895
2025-10-05 00:00:00+00:00,0.035059105604887
2025-10-06 00:00:00+00:00,0.0282864104956388
2025-10-07 00:00:00+00:00,0.0283181406557559
2025-10-08 00:00:00+00:00,0.0283498708158731
2025-10-09 00:00:00+00:00,0.031025574542582
2025-10-10 00:00:00+00:00,0.0337012782692909
2025-10-11 00:00:00+00:00,0.0310561098158359
2025-10-12 00:00:00+00:00,0.0284163001924753
2025-10-13 00:00:00+00:00,0.0293707121163606
2025-10-14 00:00:00+00:00,0.030325124040246
2025-10-15 00:00:00+00:00,0.0272087976336479
2025-10-16 00:00:00+00:00,0.033907264471054
2025-10-17 00:00:00+00:00,0.0301293693482875
2025-10-18 00:00:00+00:00,0.0325811076909303
2025-10-19 00:00:00+00:00,0.0350328460335731
2025-10-20 00:00:00+00:00,0.0346830854458467
2025-10-21 00:00:00+00:00,0.0343333248581204
2025-10-22 00:00:00+00:00,0.0339835642703941
2025-10-23 00:00:00+00:00,0.0336338036826678
2025-10-24 00:00:00+00:00,0.0332840430949415
2025-10-25 00:00:00+00:00,0.0329342825072152
2025-10-26 00:00:00+00:00,0.0325845219194889
2025-10-27 00:00:00+00:00,0.0323500209911303
2025-10-28 00:00:00+00:00,0.0321155200627717
2025-10-29 00:00:00+00:00,0.0318810191344131
2025-10-30 00:00:00+00:00,0.0316465182060545
2025-10-31 00:00:00+00:00,0.0314120172776959
2025-11-01 00:00:00+00:00,0.0311775163493373
2025-11-02 00:00:00+00:00,0.0309430154209787
2025-11-03 00:00:00+00:00,0.0307085144926201
2025-11-04 00:00:00+00:00,0.0304740135642615
2025-11-05 00:00:00+00:00,0.0302395126359029
2025-11-06 00:00:00+00:00,0.0300050117075443
2025-11-07 00:00:00+00:00,0.0235694348812103
2025-11-08 00:00:00+00:00,0.0239040548602739
2025-11-09 00:00:00+00:00,0.0242386748393376
2025-11-10 00:00:00+00:00,0.0245732948184013
2025-11-11 00:00:00+00:00,0.0249079147974649
2025-11-12 00:00:00+00:00,0.0252425347765286
2025-11-13 00:00:00+00:00,0.0255771547555923
2025-11-14 00:00:00+00:00,0.0259117747346559
2025-11-15 00:00:00+00:00,0.0262463947137196
2025-11-16 00:00:00+00:00,0.0265810146927833
2025-11-17 00:00:00+00:00,0.0269156346718469
2025-11-18 00:00:00+00:00,0.0272502546509106
2025-11-19 00:00:00+00:00,0.0275848746299742
2025-11-20 00:00:00+00:00,0.0279194946090379
2025-11-21 00:00:00+00:00,0.0282541145881016
2025-11-22 00:00:00+00:00,0.0285887345671653
2025-11-23 00:00:00+00:00,0.0295022924741108
2025-11-24 00:00:00+00:00,0.0304158503810564
2025-11-25 00:00:00+00:00,0.031329408288002
2025-11-26 00:00:00+00:00,0.0300666615366935
2025-11-27 00:00:00+00:00,0.0305710537359117
2025-11-28 00:00:00+00:00,0.0310754459351301
2025-11-29 00:00:00+00:00,0.0289344079792499
2025-11-30 00:00:00+00:00,0.0288153984583913
2025-12-01 00:00:00+00:00,0.0286963889375328
2025-12-02 00:00:00+00:00,0.0285773794166743
2025-12-03 00:00:00+00:00,0.0284583698958158
2025-12-04 00:00:00+00:00,0.0306305210106074
2025-12-05 00:00:00+00:00,0.032802672125399
2025-12-06 00:00:00+00:00,0.0349748232401906
2025-12-07 00:00:00+00:00,0.0371469743549823
2025-12-08 00:00:00+00:00,0.0274866968393325
2025-12-09 00:00:00+00:00,0.0315079241991042
2025-12-10 00:00:00+00:00,0.035529151558876
2025-12-11 00:00:00+00:00,0.0338878780603408
2025-12-12 00:00:00+00:00,0.0322466045618057
2025-12-13 00:00:00+00:00,0.0333744287490844
2025-12-14 00:00:00+00:00,0.0307057537138461
2025-12-15 00:00:00+00:00,0.0280370786786079
2025-12-16 00:00:00+00:00,0.0281569026410579
2025-12-17 00:00:00+00:00,0.0282767266035079
2025-12-18 00:00:00+00:00,0.0269932947121559
2025-12-19 00:00:00+00:00,0.025709862820804
2025-12-20 00:00:00+00:00,0.0244264309294521
2025-12-21 00:00:00+00:00,0.0231429990381002
2025-12-22 00:00:00+00:00,0.02629772759974
2025-12-23 00:00:00+00:00,0.0274660636981328
2025-12-24 00:00:00+00:00,0.0286343997965256
2025-12-25 00:00:00+00:00,0.0298027358949184
2025-12-26 00:00:00+00:00,0.0297582801431416
2025-12-27 00:00:00+00:00,0.029713824391365
2025-12-28 00:00:00+00:00,0.0296693686395883
2025-12-29 00:00:00+00:00,0.0296249128878116
2025-12-30 00:00:00+00:00,0.0297748625278472
2025-12-31 00:00:00+00:00,0.0299248121678828
2026-01-01 00:00:00+00:00,0.0300747618079185
2026-01-02 00:00:00+00:00,0.0302247114479541
2026-01-03 00:00:00+00:00,0.0303746610879898
2026-01-04 00:00:00+00:00,0.0297443989664316
2026-01-05 00:00:00+00:00,0.0291141368448734
2026-01-06 00:00:00+00:00,0.0284838747233152
2026-01-07 00:00:00+00:00,0.027853612601757
2026-01-08 00:00:00+00:00,0.0272233504801988
2026-01-09 00:00:00+00:00,0.028210375458002
2026-01-10 00:00:00+00:00,0.0274027712643145
2026-01-11 00:00:00+00:00,0.0265951670706271
2026-01-12 00:00:00+00:00,0.0257875628769396
2026-01-13 00:00:00+00:00,0.0249799586832522
2026-01-14 00:00:00+00:00,0.0241723544895648
2026-01-15 00:00:00+00:00,0.0249612249433993
2026-01-16 00:00:00+00:00,0.0257500953972338
2026-01-17 00:00:00+00:00,0.0265389658510684
2026-01-18 00:00:00+00:00,0.0273278363049029
2026-01-19 00:00:00+00:00,0.0281167067587375
2026-01-20 00:00:00+00:00,0.0267923362553119
2026-01-21 00:00:00+00:00,0.0254679657518863
2026-01-22 00:00:00+00:00,0.0264873454968134
2026-01-23 00:00:00+00:00,0.0275067252417405
2026-01-24 00:00:00+00:00,0.0285261049866676
2026-01-25 00:00:00+00:00,0.0300405144691466
2026-01-26 00:00:00+00:00,0.0315549239516258
2026-01-27 00:00:00+00:00,0.0330693334341049
2026-01-28 00:00:00+00:00,0.034583742916584
2026-01-29 00:00:00+00:00,0.0360981523990631
2026-01-30 00:00:00+00:00,0.0336441472172737
2026-01-31 00:00:00+00:00,0.0338620580732822
2026-02-01 00:00:00+00:00,0.0322360297044117
2026-02-02 00:00:00+00:00,0.0306100013355413
2026-02-03 00:00:00+00:00,0.0289839729666709
2026-02-04 00:00:00+00:00,0.0286294948309659
2026-02-05 00:00:00+00:00,0.0294442977756261
2026-02-06 00:00:00+00:00,0.0302591007202863
2026-02-07 00:00:00+00:00,0.0287156950682401
2026-02-08 00:00:00+00:00,0.0271722894161939
2026-02-09 00:00:00+00:00,0.0256288837641477
2026-02-10 00:00:00+00:00,0.0240854781121015
2026-02-11 00:00:00+00:00,0.0225420724600553
2026-02-12 00:00:00+00:00,0.0236133442570765
2026-02-13 00:00:00+00:00,0.0246846160540977
2026-02-14 00:00:00+00:00,0.025755887851119
2026-02-15 00:00:00+00:00,0.0305250342935323
2026-02-16 00:00:00+00:00,0.0342748761177063
2026-02-17 00:00:00+00:00,0.0317574925720691
2026-02-18 00:00:00+00:00,0.0312307016416028
2026-02-19 00:00:00+00:00,0.0307039107111366
2026-02-20 00:00:00+00:00,0.0301771197806704
2026-02-21 00:00:00+00:00,0.0296503288502042
2026-02-22 00:00:00+00:00,0.029123537919738
2026-02-23 00:00:00+00:00,0.0285967469892717
2026-02-24 00:00:00+00:00,0.0280699560588055
2026-02-25 00:00:00+00:00,0.0275431651283393
2026-02-26 00:00:00+00:00,0.0270163741978731
2026-02-27 00:00:00+00:00,0.0264895832674069
2026-02-28 00:00:00+00:00,0.0259627923369407
2026-03-01 00:00:00+00:00,0.0260037002153694
2026-03-02 00:00:00+00:00,0.026044608093798
2026-03-03 00:00:00+00:00,0.0260855159722268
2026-03-04 00:00:00+00:00,0.0261264238506555
2026-03-05 00:00:00+00:00,0.0251957420259714
2026-03-06 00:00:00+00:00,0.0260437292357285
2026-03-07 00:00:00+00:00,0.0268917164454857
2026-03-08 00:00:00+00:00,0.0277397036552429
2026-03-09 00:00:00+00:00,0.0298124253749847
2026-03-10 00:00:00+00:00,0.0332054607570171
2026-03-11 00:00:00+00:00,0.0296436203643679
2026-03-12 00:00:00+00:00,0.0260817799717187
2026-03-13 00:00:00+00:00,0.0288707157596945
2026-03-14 00:00:00+00:00,0.0316596515476703
2026-03-15 00:00:00+00:00,0.03088198043406
2026-03-16 00:00:00+00:00,0.0286456868052482
2026-03-17 00:00:00+00:00,0.0296061178669333
2026-03-18 00:00:00+00:00,0.0305665489286184
2026-03-19 00:00:00+00:00,0.0307024136185645
2026-03-20 00:00:00+00:00,0.0308382783085107
2026-03-21 00:00:00+00:00,0.0309741429984569
2026-03-22 00:00:00+00:00,0.0311100076884031
2026-03-23 00:00:00+00:00,0.0312458723783493
2026-03-24 00:00:00+00:00,0.030927506275475
2026-03-25 00:00:00+00:00,0.0306091401726007
2026-03-26 00:00:00+00:00,0.0291377753019332
2026-03-27 00:00:00+00:00,0.0292889438569545
2026-03-28 00:00:00+00:00,0.0303239189088344
2026-03-29 00:00:00+00:00,0.0313588939607143
2026-03-30 00:00:00+00:00,0.0310111710180838
2026-03-31 00:00:00+00:00,0.0306634480754533
2026-04-01 00:00:00+00:00,0.0303157251328229
2026-04-02 00:00:00+00:00,0.0325087010860443
2026-04-03 00:00:00+00:00,0.0283179134130477
2026-04-04 00:00:00+00:00,0.0271366601809858
2026-04-05 00:00:00+00:00,0.025955406948924
2026-04-06 00:00:00+00:00,0.0269432421773671
2026-04-07 00:00:00+00:00,0.0279310774058103
2026-04-08 00:00:00+00:00,0.0289189126342535
2026-04-09 00:00:00+00:00,0.0286394553259014
2026-04-10 00:00:00+00:00,0.0283599980175495
2026-04-11 00:00:00+00:00,0.0280805407091975
2026-04-12 00:00:00+00:00,0.0278010834008455
2026-04-13 00:00:00+00:00,0.0270617231726646
2026-04-14 00:00:00+00:00,0.0244642328470945
2026-04-15 00:00:00+00:00,0.0256621614098548
2026-04-16 00:00:00+00:00,0.0273931035771965
2026-04-17 00:00:00+00:00,0.0291240457445383
2026-04-18 00:00:00+00:00,0.0312077868729829
2026-04-19 00:00:00+00:00,0.0302955601364373
2026-04-20 00:00:00+00:00,0.0293833333998918
2026-04-21 00:00:00+00:00,0.0296274911612271
2026-04-22 00:00:00+00:00,0.0298716489225625
2026-04-23 00:00:00+00:00,0.0301158066838979
2026-04-24 00:00:00+00:00,0.0303599644452333
2026-04-25 00:00:00+00:00,0.0306041222065687
2026-04-26 00:00:00+00:00,0.0240767877548933
2026-04-27 00:00:00+00:00,0.0243547489600522
2026-04-28 00:00:00+00:00,0.0246327101652111
2026-04-29 00:00:00+00:00,0.02491067137037
2026-04-30 00:00:00+00:00,0.0251886325755289
2026-05-01 00:00:00+00:00,0.0254665937806878
2026-05-02 00:00:00+00:00,0.0257445549858467
2026-05-03 00:00:00+00:00,0.0260225161910057
2026-05-04 00:00:00+00:00,0.0247742440551518
2026-05-05 00:00:00+00:00,0.0235259719192981
2026-05-06 00:00:00+00:00,0.0268451031297445
2026-05-07 00:00:00+00:00,0.0265797283500432
2026-05-08 00:00:00+00:00,0.0305007100105285
2026-05-09 00:00:00+00:00,0.0327010247856378
2026-05-10 00:00:00+00:00,0.0349013395607471
2026-05-11 00:00:00+00:00,0.0322494332989056
2026-05-12 00:00:00+00:00,0.0295975270370641
2026-05-13 00:00:00+00:00,0.0269456207752227
2026-05-14 00:00:00+00:00,0.024891884997487
2026-05-15 00:00:00+00:00,0.0300428159534931
2026-05-16 00:00:00+00:00,0.0282377619296312
2026-05-17 00:00:00+00:00,0.0308721028268337
2026-05-18 00:00:00+00:00,0.0312474556267261
2026-05-19 00:00:00+00:00,0.0316228084266185
2026-05-20 00:00:00+00:00,0.0325221940875053
2026-05-21 00:00:00+00:00,0.0223935842514038
2026-05-22 00:00:00+00:00,0.027458444237709
2026-05-23 00:00:00+00:00,0.0325233042240142
2026-05-24 00:00:00+00:00,0.0370013676583766
2026-05-25 00:00:00+00:00,0.0316894352436065
2026-05-26 00:00:00+00:00,0.0359266027808189
2026-05-27 00:00:00+00:00,0.0321972705423831
2026-05-28 00:00:00+00:00,0.0272670593112707
2026-05-29 00:00:00+00:00,0.0337637402117252
2026-05-30 00:00:00+00:00,0.0309543991461396
2026-05-31 00:00:00+00:00,0.028145058080554
2026-06-01 00:00:00+00:00,0.0289950836449861
2026-06-02 00:00:00+00:00,0.0318477861583232
2026-06-03 00:00:00+00:00,0.033462468534708
2026-06-04 00:00:00+00:00,0.0314344651997089
2026-06-05 00:00:00+00:00,0.0289584994316101
2026-06-06 00:00:00+00:00,0.0277110934257507
2026-06-07 00:00:00+00:00,0.027446936815977
2026-06-08 00:00:00+00:00,0.0287317931652069
2026-06-09 00:00:00+00:00,0.0253345873206853
2026-06-10 00:00:00+00:00,0.0326184891164302
2026-06-11 00:00:00+00:00,0.0322236567735672
2026-06-12 00:00:00+00:00,0.0295997206121682
2026-06-13 00:00:00+00:00,0.0269757844507694
2026-06-14 00:00:00+00:00,0.0300766378641128
2026-06-15 00:00:00+00:00,0.0284558087587356
2026-06-16 00:00:00+00:00,0.0268349796533584
2026-06-17 00:00:00+00:00,0.0281185898929834
2026-06-18 00:00:00+00:00,0.0307401530444622
2026-06-19 00:00:00+00:00,0.0290900059044361
2026-06-20 00:00:00+00:00,0.0299611743539571
2026-06-21 00:00:00+00:00,0.0308323428034782
2026-06-22 00:00:00+00:00,0.029847802594304
2026-06-23 00:00:00+00:00,0.0318674966692924
2026-06-24 00:00:00+00:00,0.0277671124786138
2026-06-25 00:00:00+00:00,0.0245495047420263
2026-06-26 00:00:00+00:00,0.0284182522445917
2026-06-27 00:00:00+00:00,0.0321354605257511
2026-06-28 00:00:00+00:00,0.0301962997764349
2026-06-29 00:00:00+00:00,0.0269742403179407
2026-06-30 00:00:00+00:00,0.0273720026016235
2026-07-01 00:00:00+00:00,0.0322722382843494
2026-07-02 00:00:00+00:00,0.0294650178402662
2026-07-03 00:00:00+00:00,0.0289102606475353
2026-07-04 00:00:00+00:00,0.0289380066096782
2026-07-05 00:00:00+00:00,0.0304131191223859
2026-07-06 00:00:00+00:00,0.0317580709233879
2026-07-07 00:00:00+00:00,0.03310302272439
2026-07-08 00:00:00+00:00,0.0363679304718971
2026-07-09 00:00:00+00:00,0.0331090269610285
2026-07-10 00:00:00+00:00,0.02985012345016
2026-07-11 00:00:00+00:00,0.0305164223536848
2026-07-12 00:00:00+00:00,0.0311827212572097
2026-07-13 00:00:00+00:00,0.0359848551452159
2026-07-14 00:00:00+00:00,0.0299800150096416
2026-07-15 00:00:00+00:00,0.0239751748740673
2026-07-16 00:00:00+00:00,0.0287385936826467
2026-07-17 00:00:00+00:00,0.0283570569008588
2026-07-18 00:00:00+00:00,0.0293053518980741
2026-07-19 00:00:00+00:00,0.0314985066652298
2026-07-20 00:00:00+00:00,0.033159252256155
2026-07-21 00:00:00+00:00,0.0348199978470802
2026-07-22 00:00:00+00:00,0.0357988849282264
2026-07-23 00:00:00+00:00,0.0367777720093726
2026-07-24 00:00:00+00:00,0.0377566590905189
2026-07-25 00:00:00+00:00,0.0341910840943455
2026-07-26 00:00:00+00:00,0.0306255090981721
2026-07-27 00:00:00+00:00,0.0319330443938572
2026-07-28 00:00:00+00:00,0.0332405796895423
2026-07-29 00:00:00+00:00,0.0345481149852275
2026-07-30 00:00:00+00:00,0.0341089088469743
2026-07-31 00:00:00+00:00,0.0336697027087211
2026-08-01 00:00:00+00:00,0.0301654580980539
2026-08-02 00:00:00+00:00,0.0327923707664012
2026-08-03 00:00:00+00:00,0.0262762047350406
2026-08-04 00:00:00+00:00,0.0267669735476374
2026-08-05 00:00:00+00:00,0.0272577423602342
2026-08-06 00:00:00+00:00,0.02854978851974
2026-08-07 00:00:00+00:00,0.0298418346792459
2026-08-08 00:00:00+00:00,0.0275072790682315
2026-08-09 00:00:00+00:00,0.0251727234572172
2026-08-10 00:00:00+00:00,0.0372312925755977
2026-08-11 00:00:00+00:00,0.0357339046895504
2026-08-12 00:00:00+00:00,0.0304873939603567
2026-08-13 00:00:00+00:00,0.0268754810094833
2026-08-14 00:00:00+00:00,0.0374792218208313
2026-08-15 00:00:00+00:00,0.0359481237828731
2026-08-16 00:00:00+00:00,0.032662957906723
2026-08-17 00:00:00+00:00,0.0299880392849445
2026-08-18 00:00:00+00:00,0.0304488949477672
2026-08-19 00:00:00+00:00,0.0296379346400499
2026-08-20 00:00:00+00:00,0.0305233299732208
2026-08-21 00:00:00+00:00,0.0275250971317291
2026-08-22 00:00:00+00:00,0.0290315272286534
2026-08-23 00:00:00+00:00,0.0305379573255777
2026-08-24 00:00:00+00:00,0.0322750471532344
2026-08-25 00:00:00+00:00,0.0311423782259225
2026-08-26 00:00:00+00:00,0.0268244463950395
2026-08-27 00:00:00+00:00,0.0293245092034339
2026-08-28 00:00:00+00:00,0.0318245720118283
2026-08-29 00:00:00+00:00,0.0343246348202228
2026-08-30 00:00:00+00:00,0.0339333713054657
2026-08-31 00:00:00+00:00,0.0339333713054657
