nama,daerah,PCA dimension 0,PCA dimension 1,PCA dimension 2,PCA dimension 3,PCA dimension 4,PCA dimension 5,PCA dimension 6,PCA dimension 7,PCA dimension 8,PCA dimension 9,PCA dimension 10,PCA dimension 11,PCA dimension 12,PCA dimension 13,PCA dimension 14,PCA dimension 15,PCA dimension 16,PCA dimension 17,PCA dimension 18,PCA dimension 19,PCA dimension 20,PCA dimension 21,PCA dimension 22,PCA dimension 23,PCA dimension 24,PCA dimension 25,PCA dimension 26,PCA dimension 27,PCA dimension 28,PCA dimension 29,PCA dimension 30,PCA dimension 31,PCA dimension 32,PCA dimension 33,PCA dimension 34,PCA dimension 35,PCA dimension 36,Cluster,latitude,longitude,query_geocoding
Muhammad Ali Murtadho,Baron Nganjuk,0.6653705022446996,0.2779601707765272,-1.2414228746756724,0.3008383810252745,3.7738211643384094,0.1386275884784265,1.7177527039129927,-0.8110688139357367,0.2113521979902744,-2.115666787156332,0.8489113177536066,0.9008234558066872,1.84476505287268,0.404590919317514,-1.9006364875324595,1.1524076173033364,-1.8007671127118705,-1.235326790637682,0.6076606945563384,-1.2233986632079743,0.6740446063460874,-1.0732691423605032,-0.5580355982930151,-0.2351162525402385,0.3703026219359384,-1.0895987317436189,-0.4710274512721005,-0.9931554547617192,0.3367838009061752,-0.87634524783251,0.3085113852242606,-0.0313823409919327,-0.1133477146493849,0.4858244249453987,0.368489822693182,0.1856659713363637,-4.7e-15,cluster_1,-7.602829,112.0393837,"Baron, Nganjuk, Jawa Timur, Indonesia"
Ainur Raftuzzaki,Nunukan,-2.6390734991255376,-14.868583182085544,-0.7638580550502668,0.0098836428373099,-2.470577859608712,3.1621627681257056,-8.909744839193339,-3.4692166927903894,0.454462616431814,0.0298505895536659,0.5860480345352388,1.328432792043807,-1.3767585380412677,-1.4251743298930692,-1.5934525200522691,-1.351042748159439,0.7149988553867638,0.0724194997491319,0.0843029607935784,-1.372858145218402,-0.4354052838758014,-0.2220602287221462,0.4191406121512294,0.309651811502537,0.4190484534357364,-0.1168307071217246,0.1000164291136875,0.2487367655713772,-0.1692260934674561,0.0781956774482258,0.2023911340778286,-0.1447082190046185,-0.3629825405582792,0.0455774317630472,0.1581616787376037,0.1440775714895286,-3.5e-15,cluster_2,3.9074565,117.0423506,"Nunukan, Kalimantan Utara, Indonesia"
M. Hendrik Purwanto,"Sreseh, Sampang",0.5932136125448975,-3.422970347450146,0.941120513150878,2.871591404920545,0.8298241596371739,-0.6658789773167915,-0.2817298327842279,-1.146138720987951,0.4158626397972766,0.3575041611905625,-0.3000791963238189,0.5313916434238054,-2.632132116136316,-0.7936007877270512,-1.3927763214391993,-1.0586170803332564,-0.8678669111007047,-0.621809257878934,-2.6965770023809963,1.8836148926127068,1.2547933693613738,-0.1740463401321897,-0.7758386267420505,-0.5661096475268932,0.0063795147640403,-0.3822470147871054,-0.3524611344877907,-0.1703641023072039,0.4334408454436356,-0.042433720126488,-0.5665715398480995,0.8769191674169157,-0.0913029414174425,0.1497933490755692,-0.3571429694251528,-0.0917885272469717,4.5e-15,cluster_1,-7.2190022,113.1328604,"Sreseh, Sampang, Jawa Timur, Indonesia"
Okan Syailendra wahyudi,"Manyar, Gresik",5.2059704508941245,9.804200291036054,-5.805129230523923,-4.510304865722286,-5.576210501598043,-0.6264570407991906,-0.9572749105898418,-4.482536494483631,0.2209153543255188,2.9642494010233413,-1.3063276957394658,-1.3148240243316742,0.7006818063165728,1.8145983372735124,-2.008818312090645,1.3433198045795494,-0.3675640846774636,-0.0722966601890408,0.5221131316060658,0.3194835634069589,-0.5902342512455862,1.352844735582402,-1.53683197221085,0.5436794702519846,0.3893571412186788,-0.0998239950298065,0.3331015607123228,0.2272904886563245,0.3140080755958594,0.1957268543741273,-0.3640917122936686,0.0118489100407014,-0.2171116495923322,0.0811481066677031,0.0265024323872615,0.0636077819185464,1.7e-15,cluster_1,-7.1239828,112.6062529,"Manyar, Gresik, Jawa Timur, Indonesia"
Muhammad Zaidan Nabil Rafi,"Kamal, Bangkalan",2.783317742513064,24.48603268818014,14.395634341273036,7.139411494862851,-1.816243873918686,0.6645879480003516,-3.7569155887551338,-0.9698540991846,0.4267475042244235,-2.8199992790500152,1.446676847276026,0.0627815460005081,-0.0146712260309026,-0.6935076808683082,-0.1796689192937131,0.0394111302852724,0.264438148705483,0.3704512879583725,-0.0355622635679817,-0.2767724320878384,-0.2635129027605201,0.1603328313667995,-0.1354090666232514,-0.140045772820615,0.1289132059038443,0.1648691947758499,0.1528957804272727,0.0056856155281495,-0.0417104955208809,-0.0463080718524955,-0.0374825142880864,0.0045210982276538,0.0532621019663916,0.0265680212016434,-0.0078071513158454,-0.0121008184166143,-6e-16,cluster_0,-7.1702821,112.7288563,"Kamal, Bangkalan, Jawa Timur, Indonesia"
Triswanti Jannatul Ma'wa,Kedungpring Lamongan,0.7231463819148641,-0.2746598346246334,-1.9337980211654269,1.7812269942608543,2.512507074266398,0.0482836348321804,1.755339051105869,-0.8214297367949168,0.8171264372088914,0.1557097794192492,-0.9034911045897518,0.845967360707762,-0.6096571463491915,-0.6846527805050664,-0.4221824789576757,-0.1572567160549414,0.403029931674629,-0.0391216249879065,1.3709316888217271,-0.6155916565901425,0.4141245797523167,-0.7741548229427778,0.1660726275173765,-0.1790635762892765,0.3425929208835121,0.4047293603637779,1.2990420843055732,0.8045573501249881,0.9120390676024236,-0.9467074273089962,-0.5517645212461186,-0.4790416828785865,0.5013068946649771,-0.1013751812536257,-0.8445004671014582,0.0819058007197566,-7e-16,cluster_1,-7.1843952,112.1982965,"Kedungpring, Lamongan, Jawa Timur, Indonesia"
Ahmad Syahrul Farihin,"Gresik Kota, Gresik",5.346587626291751,7.186436745550033,-3.820614979079585,-3.700799824945724,-4.603945383730853,1.108320055602002,-1.9477784958251017,2.734543291139921,-0.3431465674791622,-0.0127354936263412,0.8682785273058514,-1.4867073924522565,-1.8416640448221264,3.009680920700965,0.1939224258063759,-0.1786857104518757,0.8793136165057708,0.97618249261582,0.4901318753339715,0.5178470879744165,1.7264585953875196,-1.6613176462456356,1.106898697591809,0.6554199076393121,-0.2968145256683046,-0.5878093180113018,0.2963673839089681,0.4130418453992016,-0.1759701614340748,-0.3753460594884609,0.1458569719093052,0.4912537280061616,-0.0781248069412388,0.1209560998722453,0.1840749676147654,0.0781544062143697,7e-16,cluster_1,-6.8852879,112.015359,"Kecamatan Gresik, Gresik, Jawa Timur, Indonesia"
Rian Renaldy,"Waru, Pamekasan",0.0342301934063045,-5.083125157801663,2.0334773694980792,4.237968813555305,-0.9388095947765356,-0.0171009338391365,0.1402683276817318,-0.2959404132592042,2.2768469622634737,1.8822453628582927,-0.3526262893236002,-1.315079786215637,-0.0041889967615659,1.0925366347572916,0.8859993748936685,0.2171093434130073,-0.4874875365818433,-2.232716583850172,-0.06799537910511,-0.8876540448910827,1.215765348029864,1.0053753383283357,0.5614477295724939,-0.3850684724656117,-0.5235670556070272,1.0501156389281197,1.4880028447439877,-0.7401425447158869,-0.5932324483402619,-0.0332038204705681,0.2936533173477346,0.2783603464202944,-0.1556510639546096,0.5039669368504285,0.0791380981724311,-0.2394659343165311,6.5e-15,cluster_1,-6.9418166,113.5515118,"Waru, Pamekasan, Jawa Timur, Indonesia"
Ahmad Dafi Zidni Alfarisi,"Paciran, Lamongan",2.5099843376341173,-2.374093997215754,0.1340340253671982,0.4536443635372111,2.278504005779226,-0.4089022525725703,1.7885787857785032,-0.921654476943334,-0.4978414626824332,-1.0760313094569771,-0.7100649973661777,-0.1939689670748513,-2.262589298543887,-0.206609517834904,-0.5661321207543353,-0.4600801910105317,0.5426130216714194,0.0029079817810444,2.193109242103283,-0.8685865278923676,-0.8215670973864486,0.5194708841884514,0.2385218860178289,0.4632735469716091,-0.4238337876066168,-0.1536953624256718,-0.8297546693080837,0.0271668413310722,-0.1777581693021045,0.1058729407732775,-0.7150343447152279,0.7845016556799893,0.8090520547808727,0.3007434688998364,0.3084011198346366,-0.61482858915947,6.8e-15,cluster_1,-6.8703484,112.339679,"Paciran, Lamongan, Jawa Timur, Indonesia"
AHMAD MAULANA ISHAQ,"Kertosono, Nganjuk",4.335094350822407,-1.3059730139450176,-0.8641090133039059,-1.242700673949054,4.487353813701263,1.065996590111666,1.08462782126514,2.0513890150318703,1.5609686691829328,-0.3564386225774337,0.8342817734227561,-1.8024694057990989,0.5995285036732809,-0.4409353914389649,-2.1970190389463897,0.010771782549546,-1.0989163481095088,2.8751553283526534,0.1378840828509861,-0.5608626137346849,1.4543794248809812,1.042305493053934,0.637705041904981,-1.0000154253069324,0.9519729634017744,0.4717697253550904,-0.1687889506499321,0.0566906101473488,-0.7014962578997852,0.2059552043004168,-0.5379808833938462,-0.1953239514565732,-0.3402373038424653,-0.406416287708163,0.0903716228949861,-0.0324438500199455,-3.8e-15,cluster_1,-7.5921805,112.1006422,"Kertosono, Nganjuk, Jawa Timur, Indonesia"
Rahardian Ananta,"Jabon , Sidoarjo",-36.83652443768687,1.9635233431939436,-0.667680582043614,-2.7443112254102493,-1.821477181808675,-8.052372622696947,-0.3932404748743031,0.7653154734034462,2.422420553602194,-1.156675379858625,0.3063256942844264,-1.3917663842179522,-0.3734956967339968,-0.3897939013599024,-0.343028132062953,-0.171757410519866,0.0988859270881423,0.230188599883039,0.0904326394241342,-0.1310975211022074,-0.1404542822588858,-0.1192195600082137,-0.01412293829177,0.0757244441959318,0.0884197673833709,-0.0196727446699378,0.0191106732875346,0.0297249999723814,0.0006348485224476,-0.0165711613559273,0.0100458995282947,0.0050630096212863,-0.0278570912263759,-0.0145181742756031,0.0318946816430345,0.0240665476082221,8e-16,cluster_1,-7.5351067,112.810693,"Jabon, Sidoarjo, Jawa Timur, Indonesia"
Verdi Setyawan Ardiansyah Putra,"Menganti, Gresik",2.83775011191025,2.3791592398339043,-1.8107897799930628,-1.3520459585748577,0.1101576560404396,0.3648549314057485,0.963132980850184,-2.3362275982351317,1.0370261878931732,0.6541575641746222,-0.8027834192088329,-1.4446082483634055,1.8396278842424332,-0.5988442410207712,-0.3189485068089867,-2.167838186334953,1.7245093147217905,1.0036834290187064,-0.1360670451936824,0.1593618989979403,-0.2029323307584605,0.1483759974278758,-0.3908327040534927,-0.4698909801357451,-1.729219439315553,-0.1858114801051275,-0.8335516897624659,-0.2182147829506877,-0.7673518613727771,-0.994815807606149,0.5668535578142363,-0.2776780488639743,-0.2464546540235985,0.1533097803611658,-0.4887993830309843,-0.1424868525285036,6e-16,cluster_1,-7.3028931,112.5828799,"Menganti, Gresik, Jawa Timur, Indonesia"
A.Choiril Anwar El-Asfihani Risydan,"Banyu Ajuh, Perumnas, Kamal",3.099350275336666,3.3595185203805844,-3.923070676511111,1.0618608645196463,-2.479095190596444,-1.4256651429607667,1.1958624573349723,0.0560497484260254,-1.53009899674242,1.242326435046094,2.3392571252456413,0.4155064392233069,-1.7520265113958466,-1.037296121312606,0.0429046400939701,1.8258879024186656,0.5412940179154037,-0.9512930833766616,0.9710462456998484,-0.3233531565689681,-0.4367924228230744,-0.6938606250884313,0.4376878527779716,-1.4477265735398193,-0.2668067551727243,0.0319104863408336,-0.3938982992810777,-0.1918820476779667,0.5707040281139966,0.4490866498993826,0.327271521460913,-0.1018065293110596,-1.0571471425076389,-0.4900545236675963,-0.2052531029489194,-0.4667817379036036,5.4e-15,cluster_1,-7.1702821,112.7288563,Koordinat manual
Muhammad Isa,"Bandung - Jogoroto, Jombang",-0.0397496868102303,2.193442275500273,-3.7110060546240327,1.3870521771219977,1.7431660077677784,-0.4349438223500461,0.8085963620363479,0.9267659831181908,0.0049103757397664,-1.6788902070218503,0.727504729455267,2.4836827603533025,1.3810638381083358,-0.4715595056096501,-0.6153426682793051,-0.5145137707931022,-1.7500994075383565,-0.2103362105027731,0.3217095559707533,0.0878109724123388,0.8974911469685741,-0.055197932629222,-0.7142427879485803,1.0134370813861002,-0.4949420879979623,-0.4042416560689704,0.3581188681423939,1.350752485844844,-0.6391762054826731,1.1528105227266705,0.7496898715531306,-0.0559509471140082,-0.0229063170631304,0.1805785590435561,-0.3257559418829459,-0.3141286233961204,7.4e-15,cluster_1,-7.5385,112.352,Koordinat manual
Mochammad Zaenal Abidin,"Widang, Tuban",1.5053954164770504,-2.1300172593501774,1.4386506846306872,0.6380393771389656,3.1142211313547628,-0.6377060994486855,0.981417702340267,-2.440003820326285,0.1719450583506633,-1.0283407331533894,-1.0997781429832063,-0.2044375342871788,0.4633742333024124,0.6541925548919313,0.2135093309524509,0.5532156994209874,-0.5595547556053434,-0.4700223514994317,0.3964188824434125,-0.0375644799063969,-0.5632949400743158,0.646409980754367,0.7994561223368998,0.2660983570170454,0.0217388673605403,0.0877280285947417,-0.1174318196397104,0.3020368187902548,-0.0270109348887223,-0.2563006562182932,0.8507297696641177,1.371396718468055,0.0132202852380157,-1.031999864243582,-0.1889626942315393,0.4523699276491311,-1.1e-15,cluster_1,-7.0851114,112.1708461,"Widang, Tuban, Jawa Timur, Indonesia"
Alghifari Amar Mukhasyafah,"Sidoarjo, Wonoayu",-17.46710964860573,6.6529949988483965,-1.5346007565025397,-2.3362008541595225,9.39855768816898,4.344435545065949,-3.811350010314601,0.267420334379032,-6.662178248447709,2.5913913963024697,-0.0876417134500395,0.1341568293920922,0.1505565719747245,0.0944140159475381,1.0480805271820544,0.5044426079089641,0.0040514256915067,0.117182696532358,0.1215816166482284,0.3593927214073903,0.4789438988802831,0.509830254241306,-0.2523063038234102,-0.0564209567415976,-0.2030444093001625,0.1239523907334072,0.1637106438926684,-0.2080180851768677,-0.0002267946165657,-0.1838474035697359,-0.0128611748238574,0.057741596802471,0.0141284712042576,0.0509406870198168,-0.0014039003627366,-0.0629584615845547,3.3e-15,cluster_1,-7.4281108,112.6277552,"Wonoayu, Sidoarjo, Jawa Timur, Indonesia"
M. Fatihul Umam,"Kwanyar, Bangkalan",0.8467675208955878,1.9061081344874584,-3.324700789587624,2.543831027935086,-3.870722094832176,-0.8432550753653103,0.4336450301471772,1.6405977222625248,-2.828021379563169,0.8272121842186285,2.5300751268806203,0.2202649732509791,0.2135222305791743,1.7460607278911933,-0.8055892315592779,-3.2022509175010687,-2.6588182222213166,-0.408028844983736,-0.3777929529086941,-0.542905098979807,-0.9897024963069112,0.0633704707494152,0.5532479858098667,0.3056664072218801,-0.7836662575029909,0.6248235377609226,-0.1626153331211165,-0.6627145167403116,0.3572705138357959,0.0862521086028222,-0.3049402586578645,-0.3869325876525386,0.3693752987950729,-0.430384685361169,-0.0300377424273949,0.1491976541594018,-2.1e-15,cluster_1,-7.1638712,112.8509634,"Kwanyar, Bangkalan, Jawa Timur, Indonesia"
dedy Nurohim,"sambeng, lamongan",2.0519968995436826,-1.953862799361557,1.062181071103646,0.5171884874671878,2.085115342055192,-0.6078857115908738,1.6095052463395227,-1.9376965895913811,0.3000659689553927,-1.3364395858086426,0.633651357792907,-0.2741997574935377,1.9846939642440315,-0.4713786900374828,2.116845992233632,-1.9699688234429344,0.1288802012260269,-0.5462564238417088,0.3459658540667966,1.3533890988053137,-0.0414737944436859,0.7172700815737908,0.999546757577388,1.0538565534910351,0.4707413636754426,-0.9007456643661376,0.4333877236947546,0.2117367532793168,0.6009658212282758,-0.292712709049325,-0.6409902937614534,-0.2045003238890185,-0.9979861978636956,-0.0705453977826749,0.3818602311959173,-0.2139113633274177,1.8e-15,cluster_1,-7.2972665,112.270859,"Sambeng, Lamongan, Jawa Timur, Indonesia"
Marshella Aulia Putri,"Kec. Kalianget, Sumenep",-0.451551762740793,-3.0923981235471505,0.0823936542732036,4.566289511565645,-0.0646977370095221,-0.0581795376455048,0.2357430045637154,0.4483304875158794,0.3838425481616642,-0.4122954149768642,0.1206122747144024,0.3511333949775723,-2.572747851375181,1.7504428483411234,1.193976784494352,0.053450601694047,0.1508330549711146,-1.90683614096639,0.6879584979659487,0.9205091698693084,0.6966113198073381,0.5775854660081693,-1.1078919870707615,-0.018824318019004,0.7862725375967272,0.3907176185717849,-1.1256246811510444,0.6706021949387637,-0.8484685268678869,-0.636207868624406,0.1129079421395859,-0.928536702308987,0.0643521392069173,-0.3610425135057439,0.2148183746970874,0.1323225017277732,-1.6e-15,cluster_1,-7.0552167,113.9419448,"Kalianget, Sumenep, Jawa Timur, Indonesia"
Robbaniyah Umdatun Ni'mah,"Cerme, Gresik",9.199333768369442,6.956649725259775,3.6209362270393695,-13.271723201846743,0.8888141028565953,-3.536141931157827,-2.30463737568604,-0.3441791371682684,1.812832316281645,1.4335716899303632,-2.851607012704157,3.139730840504766,-0.6334094644424603,-0.3593352391004359,1.907461965212879,-0.5798681254175647,-1.439710686717074,-0.2915355515370741,-0.2159043771455301,-0.328175891744734,0.1967547414960034,-0.1980969494231561,0.6305704753127556,-0.3250711520704732,0.4484923017042537,0.0989933805870826,-0.3186861729639673,-0.479369268517998,-0.2674581146179564,0.0189007500762235,0.013301392995844,-0.2385938369208416,0.15587086644923,-0.0623779970553312,-0.085435554164259,-0.1141802864818588,-3.5e-15,cluster_0,-7.2242503,112.5707953,"Cerme, Gresik, Jawa Timur, Indonesia"
Rachelia Andini Tendean,"Tikala, Manado",-1.206925124039976,-5.407764726167526,1.326217551190896,8.5969081260472,-2.244793378310484,0.1170246801547502,-2.91544010603894,1.1705092483779382,3.069696244639293,4.562965536843573,-0.8192395665848828,0.3599592821649314,1.240180195916459,-1.1043784035272948,1.7719174021764186,1.6613584471169596,-1.5159520979125596,1.922024733122428,0.9591413581464122,0.5474857935392059,0.4833377461042813,-0.2900861523841227,-0.1615187277672712,0.5517937087041586,-0.7304572112353274,-0.4971746187118663,-0.5832400807756679,-0.2879165264224159,0.4622933751495305,-0.0156627773772778,-0.0931746681102026,-0.0378185642373557,0.2809840376662119,-0.1763036668474175,0.0783965757846153,0.0087313087413169,0.0,cluster_1,1.4679805,124.8624665,"Tikala, Manado, Sulawesi Utara, Indonesia"
Nurhabibatul Umah,"Kerek, Tuban",1.31637600747137,0.6954681089502419,-1.5031017053061668,0.4066465478276532,2.405837998293751,-0.8473752364607483,1.29623069017421,-3.8024643839226826,0.0712379383839643,-0.6850274142322367,-1.638055231503472,0.6259090506660133,0.7922441391957307,-0.3169895152746448,-0.9313674455495644,0.5466654996673788,1.0246431897432449,0.233782602042896,-1.2408862584043436,0.5812785913388537,0.4485746594543732,-1.4485481980286372,-0.1248454256996144,-0.1508048399502902,-1.0025411138499063,1.0023870428283614,0.5179557107890992,0.1771090772720737,0.1394399750407122,0.2489767961135516,-0.0299960104090245,-0.3969745218074619,0.4078154345202867,-0.5756514060391172,0.9438236852242726,-0.1357999710413775,7e-16,cluster_1,-6.8970592,111.8854917,"Kerek, Tuban, Jawa Timur, Indonesia"
Fahdimas akmal,"Kwanyar, Bangkalan",0.9529049713382818,-2.885896151362627,0.8718894028868378,1.6836932817067396,-0.5591308799371468,-0.716168133743971,1.8553708806110232,-2.2520524358262133,-1.5857708355166094,1.1131167924689391,0.8348046359988436,-1.364266374544482,-0.0341255543789812,0.202625705760297,1.868637072726971,0.3705430374124087,-0.2465829268771638,0.1324360795547882,-0.9544635041860838,-0.9901001344930176,-1.0359119542686988,-1.0229516753762244,-0.4460206837688207,-0.7748196797293398,0.3286297890651647,-1.6749792839371134,0.7897363209575283,0.0763937009127897,-1.381557584125828,0.3295349424949971,-0.5946477111925698,-0.039760707382319,0.2875110025202674,-0.2376014722703318,-0.1001252464262208,0.1031607175403896,-1.1e-15,cluster_1,-7.1638712,112.8509634,"Kwanyar, Bangkalan, Jawa Timur, Indonesia"
Muhammad izzul Millah Aqil,"Wonokromo, Surabaya",3.731253581475914,1.9439899934892664,-4.598856471010583,1.077338589603981,0.7609834518646487,-0.0669103971903779,0.7190529620666416,3.650340890106732,0.2015196033886686,-1.512514087442537,-1.4501002726069614,1.0150591502350963,-2.9546703142672976,-1.1481681793482896,-0.7028559110345971,1.6966293249158424,-0.5391561599855301,0.8335573070300323,-1.2942667138633768,0.3838926249794097,-1.6898822605846044,1.3961047163340774,0.6698299803455987,0.2653179357032251,-0.8114605052360705,-0.7282769882122488,0.8083119466314015,0.0067360205237892,-0.1109727339158329,-0.6509547354509667,0.3225656200957775,-0.4331734605526563,-0.0712803200661432,0.1771302343133685,0.2384003818357118,0.0954381735596039,5e-16,cluster_1,-7.3020554,112.7392222,"Wonokromo, Surabaya, Jawa Timur, Indonesia"
Riska Nana Nuril Fadilah,"Asemrowo, Surabaya",-1.8045724675391064,6.042003651478455,-2.782183815931333,-4.079175266849743,-0.2875047286317035,7.046289410647182,0.1229061511472107,3.1976930799603536,2.973578547441864,-0.1776684856639878,-1.343408870505895,-3.570066146138192,0.2755578434134511,-2.926115012644023,0.149776497472361,-0.5229199915313498,-0.3559621559111559,-2.523269607854456,-0.0023049906401112,0.0421965962971576,-0.3792149619331948,-0.4718433753249121,-0.0595546085831544,0.0093273423216087,-0.0668013488040197,-0.1241541209164807,-0.2846415252066988,0.1839179102392906,0.2231710412673193,0.5160578502054062,-0.0977642438406519,-0.0561829897584497,0.2401415601397933,-0.1614259999725311,0.0638624196249116,0.1696445573379296,-8e-16,cluster_1,-7.2417405,112.6888023,"Asem Rowo, Surabaya, Jawa Timur, Indonesia"
Alifah Sayyidaturrhohma,"Kota Sumenep, Sumenep",4.783365246373241,-8.761559016315433,8.70799422912124,0.2163204029355463,-4.634663091774756,-3.422570103699186,-0.6892305442561638,4.11558855562577,-5.021753270716851,0.4946842322555398,-3.633215779887257,-0.8809131792746416,1.9564409906865323,-1.055780592516477,-2.1346047763428118,-0.0158004136229618,0.288334302401381,-0.7311166377544908,0.8630485914311177,1.1418877247796957,-0.1694119093822892,-0.3845754304082483,0.088936077742017,-0.1976894776578564,0.4283030051229241,-0.0575591224928663,0.2319143456630894,0.0741354746680889,-0.2950120350385726,-0.1084092453268814,0.11123551443292,-0.0316435322681169,-0.0206693720429015,0.0076857138712732,0.0050119647675463,-0.0569815111234139,-1.6e-15,cluster_2,-7.006745,113.8598666,"Kota Sumenep, Jawa Timur, Indonesia"
Lailatul Hasanah,"Socah, Bangkalan",5.22204605084647,-4.43416753757407,4.033441579433514,-2.78151144381143,-1.338941045946188,-2.124569813185165,1.0131927455790444,2.5560604965188665,-1.812659214926433,-0.8557008944206166,-0.251269849796828,0.0564294409120107,-0.0715566298295154,-0.2645089917144258,1.3706760437701393,0.0517872399541895,1.375421709862975,0.078738278292021,-0.8305512107096724,-2.544334657270773,1.3771683290734156,0.9794044529918504,-1.2200305117966166,0.1496827826975961,-1.077378600356519,-0.1614122596064104,-0.2813959229171148,0.5078643170422599,0.8320795103096835,0.2213373421695763,-0.3316445205858511,0.0730793655896215,-0.2624243528673923,-0.0699018296157906,0.127011555565095,0.3336509091332406,-4.8e-15,cluster_1,-7.0909364,112.7055302,"Socah, Bangkalan, Jawa Timur, Indonesia"
Magdalena Jovita Hatuopar,"Pilangkenceng, Madiun",5.494482013252999,-4.743746775512546,6.877825456638405,-4.229989961652158,6.885133822740486,-1.2251411463435784,-0.6742404541374057,3.453329286326053,3.121484772476148,3.5110457905015537,4.572549323522517,0.4665133952538531,0.7947249943780621,1.4802020907183755,-1.2064410927052718,0.1327708759100255,1.4543943194480158,-0.5363342156418451,-0.3322783636109835,0.5848720386243114,-1.4937344509876131,-0.2313512026174942,-0.5373263617712636,0.1467012983124092,-0.0483853599303927,0.0543859594524038,0.2053714838509038,0.3698358553388253,0.1603933907293332,-0.0195784406475239,0.0739069110974884,0.1146429876572186,0.1251034086888735,0.0546451408954375,0.0727188348774065,-0.0166588885965036,3e-16,cluster_1,-7.499596,111.6442548,"Pilangkenceng, Madiun, Jawa Timur, Indonesia"
Mohammad Aziz Huzaini,"Tanah Merah, Bangkalan",-15.307881297184354,-4.77980768844477,9.056295043495457,-4.862790619211066,-6.928332010858399,7.778517447056446,6.316696277490562,-1.0482985922128638,0.281710899891274,0.2349470404412565,0.48890952997657,2.741302010070972,-0.0092467244204662,0.8941077623009053,-0.5103371234069559,0.7317377413369809,0.0828921231952135,0.6012267661465732,-0.0588951477819699,0.3558003591387787,0.0758391564967779,0.2503251924563044,0.3920221430875207,0.0115162127512267,-0.1768656570072633,-0.0293714042028319,-0.0666791556818552,-0.0757693994033451,-0.0566647225941764,0.0208358068634409,-0.0702170112824515,-0.0708749750100689,-0.0274261887153374,-0.0150017152929233,-0.0666763757985399,-0.0143981482511341,-4e-16,cluster_2,-7.0882748,112.8853403,"Tanah Merah, Bangkalan, Jawa Timur, Indonesia"
Kurnia Maulinda Sari,"Labang, Bangkalan",3.928133185176229,-9.472037629968742,-3.69604209136906,-5.089795611688735,-3.419838163150565,0.6745894216593169,-4.3331759753474985,0.1675866666699069,-0.2516435402253762,-5.581428273711925,2.653541042437721,-0.4553665381765989,1.860546918429226,0.2360983251758102,1.670766793981618,1.673057079571967,-0.4322741141672049,0.2483273167099393,0.0915551685603879,1.2247580413872596,-0.2131322896008426,0.3881802068778285,-0.5801178459387674,-0.7385839765427833,-0.302858354064818,0.4972418917733646,0.1781537659677862,-0.2688542824359544,0.1023937470590174,-0.2186117381074111,-0.2533680661413285,0.1213442893589437,0.4887607908491981,-0.0153820785182615,-0.2177415425703577,-0.1685947866976709,3.6e-15,cluster_2,-7.13961,112.7730944,"Labang, Bangkalan, Jawa Timur, Indonesia"
Deo Candra Saputra,"Widodaren, Ngawi",2.893349218659921,-4.278030760775621,3.04929727450543,0.2719329597548819,4.3113119520716925,-0.4402410329745508,0.4350263765868905,-1.0742162411901623,-0.2410404891529349,-1.9067547939464484,-1.1463761946813842,-1.6428801108933742,-1.032471561282608,1.0477805338841064,-0.1432648785269114,1.7176502345091766,0.218094780936081,0.1952514027342521,-0.3702798996976657,0.0287911026484003,-0.410785231763992,-0.9363724730568018,0.3035235226852711,1.9776314858892172,-0.2372477143131146,0.7119992578140683,-0.4647426397947106,-0.9391977144996736,-0.2289400769175905,0.6952983799652022,-0.3374472373391445,-0.4868449291059508,-0.4880054203216554,0.1685358860400929,-0.5914495026873028,0.1500283671223938,-2.3e-15,cluster_1,-7.4028554,111.2238532,"Widodaren, Ngawi, Jawa Timur, Indonesia"
Rifqi Fairurrafi,"Bangkalan, Bangkalan",-0.7685824437787414,1.0708784929148083,-4.458635976541845,2.477163623838804,-1.4920970091882897,2.1655989737189767,1.4212296051030735,3.294121012105775,0.5068676784294569,-0.4497308097490996,-1.653419463922691,0.9720328254581014,0.3057551081564987,0.1278833778063091,1.2979363307848706,-1.106267830763645,0.434712675194694,1.4019473062375103,-0.6312389512004236,-0.8056748289169595,-1.1135174746028718,-0.8478652225810803,-1.7186208866104988,0.5632333071111573,1.3827555786515249,0.9359560421289708,0.3054167062126265,-0.4849749053134717,-0.0405233450063908,-0.4027593928209987,0.2375989711657528,0.6055216439385727,-0.4327635338964047,-0.1054918276975511,0.0956958277923789,-0.3052602059435054,1.11e-14,cluster_1,-7.0294703,112.7473329,"Kecamatan Bangkalan, Jawa Timur, Indonesia"
Fathan Ruhul Alam,"Warudoyong, Kota Sukabumi",-3.623522390611815,3.2187385179645878,-6.361705436079378,5.834280055619343,0.2425526275415812,0.5401049747489446,-1.7207951867429168,1.8322078700783515,1.1694528532737447,-0.5770138426342324,-2.498723599510226,2.1326176018697507,2.6776846274132087,2.6686910369406034,-0.283217860876407,0.4029336588239618,2.1981183992414235,-0.8367072971333721,-1.0955853702244926,-0.3669902394970354,-0.3026282280565235,0.4208070175495878,1.3047045844290464,-0.7895002105608213,0.4375092531369172,-0.392734920182368,-0.6835000727720374,0.0688975436299391,0.1370158180314334,0.5321186197283423,-0.3950047641081698,-0.0283764417475851,0.2055358068013104,0.1348598277889925,-0.1930235563032482,0.0010864974280011,-5.4e-15,cluster_1,-6.9340762,106.9209451,"Warudoyong, Sukabumi, Jawa Barat, Indonesia"
Laila Maghfiroh,"Kamal, Bangkalan",2.618862191705711,1.8501619326319692,-2.848670988629763,0.4709636776972853,-2.228652074959904,-1.5512850584379687,2.182913659095732,-1.4871198519632138,-1.8290763173122428,1.7263461566188296,1.9326469895277192,-0.1234494221855667,1.0637631902016318,-2.0931141205807653,0.9056623801622244,1.089477988016355,-0.611509499294531,0.0566209108784889,-1.0618264570000906,-0.1746926010646967,-0.4799015882230796,-0.3645463317019845,1.0747119510349188,0.1611556025540032,0.500530632058684,1.2793400231903418,-0.8179084301770346,1.1482420639720656,-0.2797865265093066,-0.4043446472655772,-0.1328433675412914,0.3051847162831704,-0.0084718971424772,0.8377886052864627,0.1193273051660765,0.2596740878717301,-7.7e-15,cluster_1,-7.1702821,112.7288563,"Kamal, Bangkalan, Jawa Timur, Indonesia"
Dewi Geizya,"Banyuajuh kamal, Bangkalan",4.393224601968412,2.501840584097041,-4.525001989406416,0.2371551111507489,-1.9179136369920815,-1.6319121977204891,2.2290423211238606,-0.4015657628263383,-0.9284587698762028,0.8848180726292965,2.666052947894494,0.8432367747049448,-0.1135358164053251,-2.5301265887340927,-0.081228328351855,-0.2539970276387131,2.510199814161102,0.0314631481010618,0.1010330906665279,0.5226231312266102,1.191331234565604,0.7813193838063166,0.1379061287800775,0.9002333115167049,0.9949113722881764,-0.2934362200740775,0.1976627203172964,-1.3176448008142334,-0.1069013196579406,0.3650607616740919,0.4755240237533423,-0.0974049308563805,0.7365736616373556,-0.1175718984426925,-0.0634482276231949,0.181106574306245,-1.8e-15,cluster_1,-7.1702821,112.7288563,Koordinat manual
Fathul Aziz Saifuddin,"Dukun, Gresik",1.4983504297566423,-0.423766911729924,-1.04480747902495,1.2858529911695242,2.020672064360067,-0.2583458891116567,1.419310912870286,-0.3590525729871632,0.3810861101519592,-0.8140044604816454,-0.8654509674007091,0.8915531845468787,-1.0439958573722308,0.3126946337144456,0.8839072521784864,-1.5043287485249908,0.2136094584177876,1.0510154164584924,2.0132891053993256,1.2759229961583938,-0.6036480956882484,-0.207193287427469,-0.4882154897745078,-1.4617582677915142,-0.3043209302695726,0.3185560792764613,0.310047422384618,-0.2532484680681907,0.132980843534127,0.9230215389549762,0.0731383755468627,0.122892306630694,-0.2636948860645838,0.6377001367845984,0.1868767314222774,0.6824990375332655,-1.4e-14,cluster_1,-7.0087499,112.5103759,"Dukun, Gresik, Jawa Timur, Indonesia"
Moh Rafie Nazar J,"Kecamatan Bangkalan,Bangkalan",1.5756360692990492,-4.796646501340551,3.588398342752386,0.1342675997219792,0.8451113747907224,0.3796141870036868,0.9701117393405546,-1.927132726417168,-0.7622709458439405,-0.1127863105070673,-0.6764679099352542,-3.053481480118696,-0.8117687445152812,1.475269165626296,0.8149313404491136,-0.5594339247074375,-0.5210462687483467,1.1784446994360596,-0.9668383948676348,-0.2403057124373564,-0.2084799095791482,0.2172440931684376,0.2998323500926453,-0.4868909875499303,0.9833398236510956,-0.3499000458099167,-0.2323763860411098,0.3303121666227833,1.1938297052070177,0.3760781841292648,1.192642663771514,-0.5007613170232649,0.5328515796280555,0.3252941088694697,-0.007274953631092,-0.2936198373620128,8e-16,cluster_1,-7.0294703,112.7473329,"Kecamatan Bangkalan, Jawa Timur, Indonesia"
