"nama","daerah","PCA dimension 0","PCA dimension 1","PCA dimension 2","PCA dimension 3","PCA dimension 4","PCA dimension 5","PCA dimension 6","PCA dimension 7","PCA dimension 8","PCA dimension 9","PCA dimension 10","PCA dimension 11","PCA dimension 12","PCA dimension 13","PCA dimension 14","PCA dimension 15","PCA dimension 16","PCA dimension 17","PCA dimension 18","PCA dimension 19","PCA dimension 20","PCA dimension 21","PCA dimension 22","PCA dimension 23","PCA dimension 24","PCA dimension 25","PCA dimension 26","PCA dimension 27","PCA dimension 28","PCA dimension 29","PCA dimension 30","PCA dimension 31","PCA dimension 32","PCA dimension 33","PCA dimension 34","PCA dimension 35","PCA dimension 36","Cluster"
"Muhammad Ali Murtadho","Baron Nganjuk",0.6653705022446996,0.2779601707765272,-1.2414228746756724,0.3008383810252745,3.7738211643384094,0.13862758847842654,1.7177527039129927,-0.8110688139357367,0.21135219799027447,-2.1156667871563317,0.8489113177536066,0.9008234558066872,1.8447650528726798,0.404590919317514,-1.9006364875324593,1.1524076173033364,-1.8007671127118705,-1.235326790637682,0.6076606945563384,-1.2233986632079743,0.6740446063460874,-1.0732691423605032,-0.5580355982930151,-0.23511625254023857,0.3703026219359384,-1.0895987317436187,-0.4710274512721005,-0.9931554547617191,0.33678380090617527,-0.87634524783251,0.3085113852242606,-0.031382340991932774,-0.11334771464938498,0.48582442494539874,0.36848982269318203,0.18566597133636376,-0.000000000000004772224282412196,"cluster_1"
"Ainur Raftuzzaki","Nunukan",-2.6390734991255376,-14.868583182085544,-0.7638580550502668,0.009883642837309902,-2.4705778596087113,3.1621627681257056,-8.909744839193339,-3.4692166927903894,0.45446261643181407,0.02985058955366593,0.5860480345352388,1.328432792043807,-1.3767585380412677,-1.4251743298930692,-1.5934525200522693,-1.351042748159439,0.7149988553867638,0.07241949974913195,0.08430296079357842,-1.372858145218402,-0.4354052838758014,-0.22206022872214623,0.4191406121512294,0.309651811502537,0.4190484534357364,-0.11683070712172464,0.10001642911368756,0.24873676557137728,-0.16922609346745615,0.07819567744822584,0.20239113407782863,-0.14470821900461853,-0.3629825405582792,0.045577431763047224,0.15816167873760373,0.14407757148952868,-0.0000000000000035457747848965937,"cluster_2"
"M. Hendrik Purwanto","Sreseh, Sampang",0.5932136125448975,-3.422970347450146,0.941120513150878,2.871591404920545,0.8298241596371739,-0.6658789773167915,-0.2817298327842279,-1.146138720987951,0.4158626397972766,0.3575041611905625,-0.30007919632381896,0.5313916434238054,-2.6321321161363156,-0.7936007877270512,-1.3927763214391993,-1.0586170803332564,-0.8678669111007047,-0.621809257878934,-2.6965770023809963,1.8836148926127068,1.2547933693613738,-0.17404634013218975,-0.7758386267420505,-0.5661096475268932,0.00637951476404032,-0.3822470147871054,-0.35246113448779076,-0.17036410230720395,0.43344084544363565,-0.042433720126488036,-0.5665715398480995,0.8769191674169157,-0.09130294141744255,0.14979334907556924,-0.35714296942515283,-0.09178852724697173,0.000000000000004539771336631304,"cluster_1"
"Okan Syailendra wahyudi","Manyar, Gresik",5.2059704508941245,9.804200291036054,-5.805129230523923,-4.510304865722286,-5.576210501598043,-0.6264570407991906,-0.9572749105898418,-4.482536494483631,0.22091535432551887,2.9642494010233413,-1.3063276957394658,-1.3148240243316742,0.7006818063165728,1.8145983372735124,-2.0088183120906455,1.3433198045795494,-0.36756408467746365,-0.07229666018904084,0.5221131316060658,0.31948356340695894,-0.5902342512455862,1.352844735582402,-1.5368319722108499,0.5436794702519846,0.38935714121867887,-0.09982399502980659,0.33310156071232283,0.2272904886563245,0.31400807559585947,0.19572685437412732,-0.3640917122936686,0.01184891004070147,-0.21711164959233228,0.08114810666770314,0.026502432387261535,0.0636077819185464,0.0000000000000017594432855094766,"cluster_1"
"Muhammad Zaidan Nabil Rafi","Kamal, Bangkalan",2.7833177425130637,24.48603268818014,14.395634341273036,7.139411494862851,-1.816243873918686,0.6645879480003516,-3.7569155887551338,-0.9698540991845999,0.4267475042244235,-2.8199992790500152,1.4466768472760259,0.06278154600050818,-0.014671226030902651,-0.6935076808683082,-0.17966891929371312,0.039411130285272405,0.26443814870548304,0.3704512879583725,-0.03556226356798177,-0.27677243208783847,-0.2635129027605201,0.1603328313667995,-0.13540906662325142,-0.14004577282061503,0.1289132059038443,0.16486919477584996,0.1528957804272727,0.005685615528149529,-0.04171049552088096,-0.04630807185249556,-0.03748251428808645,0.004521098227653899,0.05326210196639164,0.02656802120164342,-0.007807151315845459,-0.01210081841661435,-0.0000000000000006279698983036042,"cluster_0"
"Triswanti Jannatul Ma'wa","Kedungpring Lamongan",0.7231463819148641,-0.2746598346246334,-1.9337980211654269,1.7812269942608543,2.5125070742663986,0.048283634832180476,1.755339051105869,-0.8214297367949168,0.8171264372088914,0.15570977941924924,-0.9034911045897518,0.845967360707762,-0.6096571463491915,-0.6846527805050664,-0.4221824789576757,-0.1572567160549414,0.403029931674629,-0.039121624987906556,1.3709316888217273,-0.6155916565901425,0.41412457975231676,-0.7741548229427778,0.16607262751737653,-0.17906357628927655,0.3425929208835121,0.4047293603637779,1.2990420843055732,0.8045573501249881,0.9120390676024235,-0.9467074273089962,-0.5517645212461186,-0.4790416828785865,0.5013068946649771,-0.10137518125362573,-0.8445004671014582,0.08190580071975663,-0.0000000000000007494005416219807,"cluster_1"
"Ahmad Syahrul Farihin","Gresik Kota, Gresik",5.346587626291751,7.186436745550033,-3.8206149790795845,-3.700799824945724,-4.603945383730853,1.108320055602002,-1.9477784958251017,2.7345432911399206,-0.3431465674791622,-0.012735493626341219,0.8682785273058514,-1.4867073924522565,-1.8416640448221264,3.009680920700965,0.19392242580637595,-0.1786857104518757,0.8793136165057708,0.9761824926158201,0.49013187533397157,0.5178470879744165,1.7264585953875196,-1.6613176462456356,1.106898697591809,0.6554199076393121,-0.2968145256683046,-0.5878093180113018,0.29636738390896816,0.4130418453992016,-0.17597016143407485,-0.3753460594884609,0.14585697190930522,0.4912537280061616,-0.07812480694123883,0.12095609987224533,0.18407496761476544,0.0781544062143697,0.0000000000000007563394355258879,"cluster_1"
"Rian Renaldy","Waru, Pamekasan",0.03423019340630454,-5.083125157801663,2.0334773694980792,4.237968813555305,-0.9388095947765355,-0.01710093383913651,0.14026832768173184,-0.2959404132592042,2.2768469622634737,1.8822453628582927,-0.3526262893236002,-1.315079786215637,-0.004188996761565929,1.0925366347572916,0.8859993748936685,0.21710934341300736,-0.48748753658184335,-2.2327165838501717,-0.06799537910511008,-0.8876540448910827,1.215765348029864,1.0053753383283355,0.5614477295724939,-0.3850684724656117,-0.5235670556070272,1.0501156389281197,1.4880028447439877,-0.7401425447158869,-0.5932324483402619,-0.03320382047056815,0.29365331734773464,0.27836034642029445,-0.15565106395460962,0.5039669368504285,0.0791380981724311,-0.2394659343165311,0.0000000000000065052130349130266,"cluster_1"
"Ahmad Dafi Zidni Alfarisi","Paciran, Lamongan",2.5099843376341173,-2.3740939972157546,0.13403402536719827,0.45364436353721116,2.278504005779226,-0.4089022525725703,1.7885787857785032,-0.9216544769433339,-0.4978414626824332,-1.0760313094569771,-0.7100649973661777,-0.1939689670748513,-2.262589298543887,-0.206609517834904,-0.5661321207543353,-0.46008019101053177,0.5426130216714194,0.002907981781044462,2.193109242103283,-0.8685865278923676,-0.8215670973864486,0.5194708841884514,0.23852188601782892,0.46327354697160916,-0.4238337876066168,-0.1536953624256718,-0.8297546693080837,0.027166841331072264,-0.1777581693021045,0.10587294077327757,-0.7150343447152279,0.7845016556799893,0.8090520547808727,0.3007434688998364,0.30840111983463664,-0.61482858915947,0.000000000000006881648029199994,"cluster_1"
"AHMAD MAULANA ISHAQ","Kertosono, Nganjuk",4.335094350822407,-1.3059730139450176,-0.8641090133039059,-1.242700673949054,4.4873538137012625,1.0659965901116661,1.08462782126514,2.0513890150318703,1.5609686691829328,-0.35643862257743375,0.8342817734227561,-1.8024694057990989,0.5995285036732809,-0.4409353914389649,-2.1970190389463897,0.010771782549546027,-1.0989163481095088,2.8751553283526534,0.1378840828509861,-0.5608626137346849,1.4543794248809812,1.042305493053934,0.637705041904981,-1.0000154253069324,0.9519729634017745,0.47176972535509043,-0.1687889506499321,0.056690610147348885,-0.7014962578997852,0.20595520430041686,-0.5379808833938462,-0.19532395145657327,-0.3402373038424653,-0.40641628770816307,0.0903716228949861,-0.03244385001994553,-0.000000000000003890984756615978,"cluster_1"
"Rahardian Ananta","Jabon , Sidoarjo",-36.83652443768687,1.9635233431939434,-0.667680582043614,-2.7443112254102493,-1.821477181808675,-8.052372622696947,-0.3932404748743031,0.7653154734034462,2.422420553602194,-1.1566753798586247,0.30632569428442646,-1.3917663842179522,-0.37349569673399685,-0.38979390135990244,-0.343028132062953,-0.17175741051986604,0.09888592708814234,0.23018859988303902,0.09043263942413422,-0.1310975211022074,-0.14045428225888582,-0.11921956000821374,-0.014122938291770026,0.07572444419593187,0.08841976738337093,-0.019672744669937875,0.01911067328753466,0.029724999972381483,0.0006348485224476185,-0.016571161355927337,0.01004589952829478,0.00506300962128639,-0.02785709122637592,-0.01451817427560316,0.031894681643034564,0.02406654760822218,0.0000000000000008014422459012849,"cluster_1"
"Verdi Setyawan Ardiansyah Putra","Menganti, Gresik",2.83775011191025,2.3791592398339043,-1.8107897799930628,-1.3520459585748577,0.11015765604043964,0.3648549314057485,0.963132980850184,-2.3362275982351313,1.0370261878931732,0.6541575641746222,-0.8027834192088329,-1.4446082483634055,1.8396278842424334,-0.5988442410207712,-0.3189485068089867,-2.167838186334953,1.7245093147217905,1.0036834290187064,-0.13606704519368246,0.15936189899794034,-0.2029323307584605,0.1483759974278758,-0.3908327040534927,-0.4698909801357451,-1.7292194393155533,-0.1858114801051275,-0.8335516897624659,-0.2182147829506877,-0.7673518613727771,-0.994815807606149,0.5668535578142363,-0.27767804886397435,-0.24645465402359854,0.15330978036116583,-0.48879938303098436,-0.14248685252850368,0.0000000000000006505213034913027,"cluster_1"
"A.Choiril Anwar El-Asfihani Risydan","Banyu Ajuh, Perumnas, Kamal",3.099350275336666,3.3595185203805844,-3.923070676511111,1.0618608645196463,-2.479095190596444,-1.4256651429607667,1.1958624573349725,0.05604974842602548,-1.53009899674242,1.242326435046094,2.3392571252456413,0.4155064392233069,-1.7520265113958466,-1.037296121312606,0.04290464009397012,1.8258879024186658,0.5412940179154037,-0.9512930833766616,0.9710462456998484,-0.3233531565689681,-0.4367924228230744,-0.6938606250884313,0.4376878527779716,-1.4477265735398193,-0.26680675517272434,0.0319104863408336,-0.3938982992810777,-0.19188204767796674,0.5707040281139966,0.44908664989938263,0.32727152146091304,-0.10180652931105967,-1.0571471425076389,-0.4900545236675963,-0.2052531029489194,-0.46678173790360367,0.000000000000005412337245047638,"cluster_1"
"Muhammad Isa","Bandung - Jogoroto, Jombang",-0.03974968681023038,2.193442275500273,-3.7110060546240327,1.3870521771219977,1.7431660077677784,-0.43494382235004614,0.8085963620363479,0.9267659831181908,0.004910375739766437,-1.6788902070218505,0.727504729455267,2.4836827603533025,1.3810638381083358,-0.47155950560965015,-0.6153426682793051,-0.5145137707931022,-1.7500994075383565,-0.21033621050277318,0.32170955597075335,0.08781097241233886,0.8974911469685741,-0.05519793262922207,-0.7142427879485803,1.0134370813861002,-0.49494208799796235,-0.40424165606897045,0.35811886814239396,1.3507524858448439,-0.6391762054826731,1.1528105227266703,0.7496898715531306,-0.05595094711400824,-0.022906317063130482,0.18057855904355613,-0.32575594188294593,-0.31412862339612047,0.000000000000007412473412848897,"cluster_1"
"Mochammad Zaenal Abidin","Widang, Tuban",1.5053954164770504,-2.1300172593501774,1.4386506846306872,0.6380393771389656,3.1142211313547628,-0.6377060994486855,0.981417702340267,-2.440003820326285,0.17194505835066337,-1.0283407331533894,-1.0997781429832063,-0.20443753428717884,0.4633742333024124,0.6541925548919313,0.21350933095245098,0.5532156994209874,-0.5595547556053434,-0.4700223514994317,0.3964188824434125,-0.03756447990639691,-0.5632949400743158,0.646409980754367,0.7994561223368998,0.26609835701704543,0.021738867360540363,0.0877280285947417,-0.11743181963971044,0.30203681879025485,-0.02701093488872239,-0.25630065621829323,0.8507297696641177,1.371396718468055,0.013220285238015758,-1.031999864243582,-0.18896269423153933,0.4523699276491311,-0.0000000000000011425322493652246,"cluster_1"
"Alghifari Amar Mukhasyafah","Sidoarjo, Wonoayu",-17.46710964860573,6.6529949988483965,-1.5346007565025395,-2.3362008541595225,9.39855768816898,4.344435545065949,-3.811350010314601,0.26742033437903207,-6.6621782484477094,2.5913913963024697,-0.08764171345003954,0.13415682939209223,0.1505565719747245,0.09441401594753816,1.0480805271820544,0.5044426079089641,0.00405142569150671,0.11718269653235808,0.12158161664822846,0.3593927214073903,0.47894389888028316,0.509830254241306,-0.2523063038234102,-0.056420956741597646,-0.20304440930016251,0.12395239073340726,0.16371064389266843,-0.20801808517686776,-0.00022679461656575656,-0.18384740356973592,-0.012861174823857485,0.05774159680247106,0.014128471204257698,0.05094068701981687,-0.0014039003627366112,-0.06295846158455479,0.000000000000003353220479063168,"cluster_1"
"M. Fatihul Umam","Kwanyar, Bangkalan",0.8467675208955878,1.9061081344874584,-3.324700789587624,2.5438310279350866,-3.870722094832176,-0.8432550753653103,0.4336450301471772,1.6405977222625248,-2.828021379563169,0.8272121842186285,2.5300751268806203,0.22026497325097913,0.21352223057917435,1.7460607278911933,-0.8055892315592779,-3.2022509175010687,-2.6588182222213166,-0.40802884498373604,-0.37779295290869414,-0.542905098979807,-0.9897024963069112,0.06337047074941525,0.5532479858098667,0.3056664072218801,-0.7836662575029909,0.6248235377609226,-0.16261533312111653,-0.6627145167403116,0.3572705138357959,0.08625210860282227,-0.3049402586578645,-0.38693258765253863,0.36937529879507297,-0.43038468536116903,-0.030037742427394973,0.14919765415940184,-0.0000000000000021545265571631944,"cluster_1"
"dedy Nurohim","sambeng, lamongan",2.0519968995436826,-1.953862799361557,1.0621810711036461,0.5171884874671878,2.0851153420551922,-0.6078857115908738,1.6095052463395227,-1.9376965895913814,0.3000659689553927,-1.3364395858086426,0.633651357792907,-0.2741997574935377,1.9846939642440315,-0.4713786900374828,2.1168459922336322,-1.9699688234429344,0.12888020122602692,-0.5462564238417088,0.34596585406679664,1.3533890988053137,-0.04147379444368596,0.7172700815737908,0.9995467575773881,1.0538565534910351,0.4707413636754426,-0.9007456643661376,0.43338772369475465,0.2117367532793168,0.6009658212282758,-0.292712709049325,-0.6409902937614534,-0.20450032388901854,-0.9979861978636956,-0.07054539778267493,0.38186023119591733,-0.21391136332741775,0.000000000000001807581861967833,"cluster_1"
"Marshella Aulia Putri","Kec. Kalianget, Sumenep",-0.451551762740793,-3.0923981235471505,0.08239365427320361,4.566289511565645,-0.06469773700952218,-0.05817953764550487,0.23574300456371547,0.44833048751587945,0.3838425481616642,-0.4122954149768642,0.12061227471440249,0.35113339497757234,-2.572747851375181,1.7504428483411234,1.193976784494352,0.053450601694047,0.1508330549711146,-1.90683614096639,0.6879584979659487,0.9205091698693085,0.6966113198073381,0.5775854660081693,-1.1078919870707615,-0.018824318019004048,0.7862725375967272,0.39071761857178494,-1.1256246811510444,0.6706021949387637,-0.8484685268678869,-0.636207868624406,0.11290794213958599,-0.928536702308987,0.0643521392069173,-0.36104251350574396,0.21481837469708748,0.1323225017277732,-0.0000000000000016818144099595145,"cluster_1"
"Robbaniyah Umdatun Ni'mah","Cerme, Gresik",9.199333768369442,6.9566497252597745,3.6209362270393703,-13.271723201846743,0.8888141028565953,-3.536141931157827,-2.3046373756860397,-0.3441791371682684,1.8128323162816455,1.4335716899303632,-2.851607012704157,3.139730840504766,-0.6334094644424603,-0.35933523910043597,1.907461965212879,-0.5798681254175647,-1.439710686717074,-0.29153555153707417,-0.21590437714553018,-0.328175891744734,0.19675474149600344,-0.19809694942315612,0.6305704753127556,-0.3250711520704732,0.4484923017042537,0.09899338058708265,-0.3186861729639673,-0.479369268517998,-0.2674581146179564,0.018900750076223598,0.013301392995844069,-0.23859383692084163,0.15587086644923,-0.062377997055331216,-0.08543555416425908,-0.11418028648185881,-0.0000000000000035388358909926865,"cluster_0"
"Rachelia Andini Tendean","Tikala, Manado",-1.2069251240399759,-5.407764726167526,1.326217551190896,8.5969081260472,-2.244793378310484,0.11702468015475026,-2.91544010603894,1.1705092483779382,3.069696244639293,4.562965536843573,-0.8192395665848828,0.35995928216493145,1.2401801959164587,-1.1043784035272948,1.7719174021764186,1.6613584471169596,-1.5159520979125596,1.922024733122428,0.9591413581464122,0.5474857935392059,0.4833377461042813,-0.2900861523841227,-0.16151872776727128,0.5517937087041586,-0.7304572112353274,-0.49717461871186636,-0.5832400807756679,-0.28791652642241594,0.46229337514953056,-0.015662777377277802,-0.09317466811020267,-0.03781856423735571,0.28098403766621194,-0.17630366684741758,0.07839657578461534,0.008731308741316949,0.00000000000000006591949208711867,"cluster_1"
"Nurhabibatul Umah","Kerek, Tuban",1.31637600747137,0.6954681089502419,-1.5031017053061668,0.40664654782765325,2.405837998293751,-0.8473752364607483,1.29623069017421,-3.8024643839226826,0.07123793838396433,-0.6850274142322367,-1.638055231503472,0.6259090506660133,0.7922441391957307,-0.3169895152746448,-0.9313674455495645,0.5466654996673788,1.0246431897432449,0.23378260204289605,-1.2408862584043436,0.5812785913388537,0.44857465945437325,-1.4485481980286372,-0.12484542569961442,-0.1508048399502902,-1.0025411138499065,1.0023870428283614,0.5179557107890992,0.17710907727207378,0.13943997504071223,0.24897679611355167,-0.02999601040902454,-0.3969745218074619,0.40781543452028673,-0.5756514060391172,0.9438236852242726,-0.13579997104137753,0.0000000000000007355227538141662,"cluster_1"
"Fahdimas akmal","Kwanyar, Bangkalan",0.9529049713382818,-2.885896151362627,0.8718894028868378,1.6836932817067396,-0.5591308799371468,-0.716168133743971,1.8553708806110232,-2.2520524358262133,-1.5857708355166094,1.1131167924689391,0.8348046359988436,-1.364266374544482,-0.034125554378981265,0.20262570576029704,1.868637072726971,0.3705430374124087,-0.24658292687716385,0.1324360795547882,-0.9544635041860838,-0.9901001344930176,-1.0359119542686988,-1.0229516753762244,-0.44602068376882076,-0.7748196797293398,0.32862978906516477,-1.6749792839371134,0.7897363209575283,0.07639370091278974,-1.3815575841258279,0.3295349424949971,-0.5946477111925698,-0.03976070738231906,0.2875110025202674,-0.2376014722703318,-0.10012524642622084,0.10316071754038968,-0.0000000000000011639994523804376,"cluster_1"
"Muhammad izzul Millah Aqil","Wonokromo, Surabaya",3.731253581475914,1.9439899934892662,-4.598856471010583,1.0773385896039813,0.7609834518646487,-0.06691039719037795,0.7190529620666416,3.6503408901067322,0.2015196033886686,-1.512514087442537,-1.4501002726069614,1.0150591502350963,-2.9546703142672976,-1.1481681793482896,-0.7028559110345971,1.6966293249158424,-0.5391561599855301,0.8335573070300323,-1.2942667138633768,0.3838926249794097,-1.6898822605846044,1.3961047163340774,0.6698299803455987,0.2653179357032251,-0.8114605052360705,-0.7282769882122488,0.8083119466314015,0.006736020523789216,-0.11097273391583294,-0.6509547354509667,0.32256562009577755,-0.4331734605526563,-0.07128032006614321,0.1771302343133685,0.23840038183571183,0.09543817355960392,0.0000000000000005551115123125783,"cluster_1"
"Riska Nana Nuril Fadilah","Asemrowo, Surabaya",-1.8045724675391066,6.0420036514784545,-2.7821838159313326,-4.079175266849743,-0.2875047286317035,7.046289410647182,0.12290615114721071,3.1976930799603536,2.973578547441864,-0.1776684856639878,-1.343408870505895,-3.570066146138192,0.27555784341345113,-2.926115012644023,0.149776497472361,-0.5229199915313498,-0.35596215591115593,-2.5232696078544556,-0.0023049906401112624,0.04219659629715765,-0.37921496193319487,-0.4718433753249121,-0.05955460858315449,0.009327342321608784,-0.06680134880401972,-0.12415412091648075,-0.28464152520669883,0.1839179102392906,0.2231710412673193,0.5160578502054062,-0.09776424384065191,-0.05618298975844974,0.2401415601397933,-0.1614259999725311,0.06386241962491165,0.16964455733792969,-0.0000000000000008291978215169138,"cluster_1"
"Alifah Sayyidaturrhohma","Kota Sumenep, Sumenep",4.783365246373241,-8.761559016315433,8.70799422912124,0.21632040293554633,-4.6346630917747556,-3.422570103699186,-0.6892305442561638,4.11558855562577,-5.021753270716851,0.49468423225553987,-3.6332157798872573,-0.8809131792746416,1.9564409906865325,-1.055780592516477,-2.1346047763428113,-0.015800413622961834,0.288334302401381,-0.7311166377544908,0.8630485914311177,1.1418877247796955,-0.16941190938228923,-0.3845754304082483,0.08893607774201709,-0.19768947765785644,0.4283030051229241,-0.05755912249286632,0.23191434566308947,0.07413547466808895,-0.29501203503857265,-0.10840924532688145,0.11123551443292007,-0.031643532268116906,-0.020669372042901535,0.007685713871273203,0.005011964767546312,-0.05698151112341392,-0.0000000000000016375789613221059,"cluster_2"
"Lailatul Hasanah","Socah, Bangkalan",5.22204605084647,-4.43416753757407,4.033441579433514,-2.78151144381143,-1.338941045946188,-2.124569813185165,1.0131927455790444,2.5560604965188665,-1.8126592149264331,-0.8557008944206166,-0.251269849796828,0.056429440912010784,-0.07155662982951547,-0.2645089917144258,1.3706760437701393,0.051787239954189546,1.375421709862975,0.07873827829202103,-0.8305512107096724,-2.544334657270773,1.3771683290734156,0.9794044529918503,-1.2200305117966166,0.14968278269759613,-1.0773786003565187,-0.16141225960641048,-0.2813959229171148,0.5078643170422599,0.8320795103096835,0.22133734216957637,-0.3316445205858511,0.07307936558962154,-0.26242435286739235,-0.0699018296157906,0.12701155556509508,0.33365090913324064,-0.000000000000004805184028455756,"cluster_1"
"Magdalena Jovita Hatuopar","Pilangkenceng, Madiun",5.494482013252999,-4.743746775512546,6.877825456638405,-4.229989961652158,6.885133822740486,-1.2251411463435784,-0.6742404541374057,3.453329286326053,3.121484772476148,3.5110457905015537,4.572549323522517,0.46651339525385316,0.7947249943780621,1.4802020907183755,-1.2064410927052718,0.13277087591002557,1.4543943194480158,-0.5363342156418451,-0.33227836361098356,0.5848720386243114,-1.4937344509876131,-0.23135120261749428,-0.5373263617712636,0.14670129831240925,-0.048385359930392724,0.05438595945240382,0.20537148385090384,0.3698358553388253,0.16039339072933329,-0.019578440647523954,0.07390691109748845,0.11464298765721868,0.12510340868887354,0.054645140895437525,0.07271883487740655,-0.01665888859650364,0.00000000000000033306690738754696,"cluster_1"
"Mohammad Aziz Huzaini","Tanah Merah, Bangkalan",-15.307881297184354,-4.77980768844477,9.056295043495457,-4.862790619211066,-6.928332010858399,7.778517447056446,6.316696277490562,-1.0482985922128638,0.28171089989127407,0.23494704044125658,0.48890952997657006,2.7413020100709717,-0.009246724420466229,0.8941077623009053,-0.5103371234069559,0.7317377413369809,0.08289212319521355,0.6012267661465732,-0.05889514778196991,0.3558003591387787,0.07583915649677792,0.2503251924563044,0.3920221430875207,0.011516212751226787,-0.17686565700726337,-0.029371404202831936,-0.06667915568185526,-0.07576939940334515,-0.05666472259417646,0.02083580686344097,-0.07021701128245152,-0.07087497501006892,-0.02742618871533742,-0.015001715292923365,-0.06667637579853997,-0.014398148251134162,-0.00000000000000042327252813834093,"cluster_2"
"Kurnia Maulinda Sari","Labang, Bangkalan",3.9281331851762293,-9.472037629968742,-3.69604209136906,-5.089795611688735,-3.419838163150565,0.6745894216593169,-4.3331759753474985,0.16758666666990696,-0.25164354022537627,-5.581428273711925,2.6535410424377215,-0.45536653817659895,1.860546918429226,0.23609832517581023,1.670766793981618,1.673057079571967,-0.4322741141672049,0.24832731670993932,0.09155516856038792,1.2247580413872596,-0.21313228960084266,0.3881802068778285,-0.5801178459387674,-0.7385839765427833,-0.30285835406481804,0.4972418917733646,0.1781537659677862,-0.2688542824359544,0.10239374705901744,-0.21861173810741114,-0.25336806614132856,0.12134428935894374,0.4887607908491981,-0.015382078518261521,-0.21774154257035777,-0.16859478669767095,0.000000000000003664603343001005,"cluster_2"
"Deo Candra Saputra","Widodaren, Ngawi",2.8933492186599206,-4.278030760775621,3.04929727450543,0.27193295975488196,4.3113119520716925,-0.44024103297455086,0.4350263765868905,-1.0742162411901623,-0.2410404891529349,-1.9067547939464484,-1.1463761946813842,-1.6428801108933742,-1.0324715612826079,1.0477805338841064,-0.14326487852691144,1.7176502345091766,0.21809478093608103,0.19525140273425218,-0.3702798996976657,0.028791102648400384,-0.410785231763992,-0.9363724730568018,0.3035235226852711,1.9776314858892174,-0.23724771431311464,0.7119992578140683,-0.4647426397947106,-0.9391977144996735,-0.2289400769175905,0.6952983799652022,-0.3374472373391445,-0.48684492910595084,-0.4880054203216554,0.16853588604009292,-0.5914495026873028,0.15002836712239384,-0.000000000000002321060010856968,"cluster_1"
"Rifqi Fairurrafi","Bangkalan, Bangkalan",-0.7685824437787414,1.0708784929148085,-4.458635976541845,2.4771636238388037,-1.4920970091882897,2.1655989737189767,1.4212296051030735,3.294121012105775,0.5068676784294569,-0.4497308097490996,-1.653419463922691,0.9720328254581014,0.3057551081564987,0.12788337780630915,1.2979363307848706,-1.1062678307636453,0.43471267519469403,1.4019473062375105,-0.6312389512004236,-0.8056748289169595,-1.1135174746028718,-0.8478652225810803,-1.7186208866104988,0.5632333071111573,1.3827555786515249,0.9359560421289707,0.3054167062126265,-0.48497490531347176,-0.04052334500639086,-0.4027593928209987,0.2375989711657528,0.6055216439385727,-0.4327635338964047,-0.10549182769755117,0.0956958277923789,-0.3052602059435054,0.000000000000011112638587107426,"cluster_1"
"Fathan Ruhul Alam","Warudoyong, Kota Sukabumi",-3.623522390611815,3.2187385179645873,-6.361705436079378,5.834280055619343,0.24255262754158127,0.5401049747489446,-1.7207951867429168,1.8322078700783515,1.1694528532737447,-0.5770138426342324,-2.498723599510226,2.1326176018697507,2.6776846274132087,2.6686910369406034,-0.283217860876407,0.40293365882396187,2.1981183992414235,-0.8367072971333721,-1.0955853702244926,-0.3669902394970354,-0.30262822805652356,0.4208070175495878,1.3047045844290464,-0.7895002105608213,0.4375092531369172,-0.392734920182368,-0.6835000727720374,0.06889754362993915,0.13701581803143348,0.5321186197283423,-0.3950047641081698,-0.028376441747585107,0.2055358068013104,0.13485982778899253,-0.19302355630324824,0.001086497428001161,-0.000000000000005447031714567174,"cluster_1"
"Laila Maghfiroh","Kamal, Bangkalan",2.618862191705711,1.8501619326319694,-2.848670988629763,0.47096367769728537,-2.228652074959904,-1.5512850584379687,2.182913659095732,-1.4871198519632138,-1.8290763173122428,1.7263461566188296,1.9326469895277192,-0.12344942218556677,1.0637631902016318,-2.0931141205807653,0.9056623801622244,1.089477988016355,-0.611509499294531,0.05662091087848894,-1.0618264570000906,-0.17469260106469672,-0.4799015882230796,-0.3645463317019845,1.0747119510349188,0.16115560255400324,0.500530632058684,1.2793400231903418,-0.8179084301770346,1.1482420639720656,-0.27978652650930663,-0.40434464726557723,-0.1328433675412914,0.3051847162831704,-0.008471897142477258,0.8377886052864627,0.11932730516607658,0.25967408787173013,-0.000000000000007722988915048745,"cluster_1"
"Dewi Geizya","Banyuajuh kamal, Bangkalan",4.393224601968412,2.501840584097041,-4.525001989406416,0.23715511115074897,-1.9179136369920817,-1.6319121977204891,2.2290423211238606,-0.4015657628263383,-0.9284587698762028,0.8848180726292965,2.666052947894494,0.8432367747049448,-0.11353581640532515,-2.5301265887340927,-0.081228328351855,-0.2539970276387131,2.510199814161102,0.03146314810106181,0.10103309066652798,0.5226231312266102,1.191331234565604,0.7813193838063166,0.13790612878007752,0.9002333115167049,0.9949113722881764,-0.2934362200740775,0.19766272031729648,-1.3176448008142334,-0.10690131965794064,0.36506076167409196,0.47552402375334235,-0.09740493085638052,0.7365736616373556,-0.11757189844269253,-0.06344822762319499,0.18110657430624508,-0.0000000000000018682971836270212,"cluster_1"
"Fathul Aziz Saifuddin","Dukun, Gresik",1.4983504297566423,-0.423766911729924,-1.04480747902495,1.2858529911695242,2.020672064360067,-0.25834588911165673,1.419310912870286,-0.35905257298716325,0.3810861101519592,-0.8140044604816454,-0.8654509674007091,0.8915531845468787,-1.0439958573722308,0.31269463371444567,0.8839072521784864,-1.5043287485249908,0.21360945841778767,1.0510154164584924,2.0132891053993256,1.2759229961583938,-0.6036480956882484,-0.20719328742746904,-0.4882154897745078,-1.4617582677915142,-0.3043209302695726,0.3185560792764613,0.310047422384618,-0.25324846806819074,0.13298084353412706,0.9230215389549762,0.07313837554686278,0.12289230663069402,-0.26369488606458386,0.6377001367845984,0.18687673142227748,0.6824990375332655,-0.00000000000001402263721805852,"cluster_1"
"Moh Rafie Nazar J","Kecamatan Bangkalan,Bangkalan",1.5756360692990492,-4.796646501340551,3.588398342752386,0.13426759972197921,0.8451113747907224,0.3796141870036868,0.9701117393405546,-1.927132726417168,-0.7622709458439405,-0.11278631050706736,-0.6764679099352542,-3.053481480118696,-0.8117687445152812,1.475269165626296,0.8149313404491136,-0.5594339247074375,-0.5210462687483467,1.1784446994360596,-0.9668383948676348,-0.24030571243735646,-0.20847990957914822,0.21724409316843768,0.2998323500926453,-0.4868909875499303,0.9833398236510956,-0.34990004580991674,-0.23237638604110983,0.33031216662278334,1.1938297052070175,0.37607818412926486,1.192642663771514,-0.5007613170232649,0.5328515796280555,0.32529410886946974,-0.007274953631092065,-0.29361983736201286,0.0000000000000008031769693772617,"cluster_1"
