date,NO2
2025-08-31 00:00:00+00:00,2.767177647911012e-05
2025-09-01 00:00:00+00:00,3.92137881135568e-05
2025-09-02 00:00:00+00:00,3.37095043505542e-05
2025-09-03 00:00:00+00:00,3.293198096798733e-05
2025-09-04 00:00:00+00:00,5.202908141654916e-05
2025-09-05 00:00:00+00:00,6.891793600516394e-05
2025-09-06 00:00:00+00:00,6.097896039136685e-05
2025-09-07 00:00:00+00:00,5.303998477756977e-05
2025-09-08 00:00:00+00:00,4.8377626323296376e-05
2025-09-09 00:00:00+00:00,4.371526786902299e-05
2025-09-10 00:00:00+00:00,3.905290941474959e-05
2025-09-11 00:00:00+00:00,4.08753621741198e-05
2025-09-12 00:00:00+00:00,5.366337063605897e-05
2025-09-13 00:00:00+00:00,3.523781560943462e-05
2025-09-14 00:00:00+00:00,4.997681753593497e-05
2025-09-15 00:00:00+00:00,3.412335354369134e-05
2025-09-16 00:00:00+00:00,6.477563874796033e-05
2025-09-17 00:00:00+00:00,5.850571833434515e-05
2025-09-18 00:00:00+00:00,5.223579792072997e-05
2025-09-19 00:00:00+00:00,4.596587750711478e-05
2025-09-20 00:00:00+00:00,3.96959570934996e-05
2025-09-21 00:00:00+00:00,3.342603667988442e-05
2025-09-22 00:00:00+00:00,5.270643305266276e-05
2025-09-23 00:00:00+00:00,4.884442993594954e-05
2025-09-24 00:00:00+00:00,4.498242681923633e-05
2025-09-25 00:00:00+00:00,4.112042370252311e-05
2025-09-26 00:00:00+00:00,2.375332041992806e-05
2025-09-27 00:00:00+00:00,2.7487389161251485e-05
2025-09-28 00:00:00+00:00,2.3042857719701715e-05
2025-09-29 00:00:00+00:00,4.39012874267064e-05
2025-09-30 00:00:00+00:00,5.545523890759796e-05
2025-10-01 00:00:00+00:00,6.700919038848951e-05
2025-10-02 00:00:00+00:00,7.856314186938107e-05
2025-10-03 00:00:00+00:00,6.494261833722703e-05
2025-10-04 00:00:00+00:00,5.132209480507299e-05
2025-10-05 00:00:00+00:00,3.956555519835092e-05
2025-10-06 00:00:00+00:00,5.600306030828506e-05
2025-10-07 00:00:00+00:00,3.713519618031569e-05
2025-10-08 00:00:00+00:00,5.088114448881242e-05
2025-10-09 00:00:00+00:00,6.462709279730916e-05
2025-10-10 00:00:00+00:00,7.237493264256045e-05
2025-10-11 00:00:00+00:00,3.7436180718941614e-05
2025-10-12 00:00:00+00:00,1.396327388647478e-05
2025-10-13 00:00:00+00:00,1.3833067896484865e-05
2025-10-14 00:00:00+00:00,4.8296711611328647e-05
2025-10-15 00:00:00+00:00,5.369638165575452e-05
2025-10-16 00:00:00+00:00,4.584953057928942e-05
2025-10-17 00:00:00+00:00,4.0223560063168406e-05
2025-10-18 00:00:00+00:00,6.625742116739275e-06
2025-10-19 00:00:00+00:00,2.1011869648646098e-05
2025-10-20 00:00:00+00:00,3.539799718055292e-05
2025-10-21 00:00:00+00:00,4.978412471245974e-05
2025-10-22 00:00:00+00:00,5.874574708286673e-05
2025-10-23 00:00:00+00:00,6.770736945327371e-05
2025-10-24 00:00:00+00:00,6.723138018666456e-05
2025-10-25 00:00:00+00:00,6.675539092005541e-05
2025-10-26 00:00:00+00:00,6.627940165344625e-05
2025-10-27 00:00:00+00:00,6.58034123868371e-05
2025-10-28 00:00:00+00:00,6.532742312022795e-05
2025-10-29 00:00:00+00:00,6.48514338536188e-05
2025-10-30 00:00:00+00:00,6.437544458700964e-05
2025-10-31 00:00:00+00:00,6.38994553204005e-05
2025-11-01 00:00:00+00:00,6.342346605379135e-05
2025-11-02 00:00:00+00:00,6.29474767871822e-05
2025-11-03 00:00:00+00:00,6.247148752057304e-05
2025-11-04 00:00:00+00:00,6.199549825396389e-05
2025-11-05 00:00:00+00:00,6.151950898735474e-05
2025-11-06 00:00:00+00:00,6.104351972074558e-05
2025-11-07 00:00:00+00:00,6.056753045413643e-05
2025-11-08 00:00:00+00:00,6.166583746865702e-05
2025-11-09 00:00:00+00:00,6.276414448317762e-05
2025-11-10 00:00:00+00:00,6.38624514976982e-05
2025-11-11 00:00:00+00:00,6.496075851221879e-05
2025-11-12 00:00:00+00:00,6.605906552673939e-05
2025-11-13 00:00:00+00:00,6.715737254125997e-05
2025-11-14 00:00:00+00:00,6.825567955578056e-05
2025-11-15 00:00:00+00:00,6.935398657030116e-05
2025-11-16 00:00:00+00:00,7.045229358482175e-05
2025-11-17 00:00:00+00:00,7.155060059934233e-05
2025-11-18 00:00:00+00:00,7.264890761386293e-05
2025-11-19 00:00:00+00:00,7.374721462838352e-05
2025-11-20 00:00:00+00:00,7.48455216429041e-05
2025-11-21 00:00:00+00:00,7.59438286574247e-05
2025-11-22 00:00:00+00:00,7.704213567194529e-05
2025-11-23 00:00:00+00:00,7.814044268646587e-05
2025-11-24 00:00:00+00:00,7.923874970098647e-05
2025-11-25 00:00:00+00:00,8.033705671550706e-05
2025-11-26 00:00:00+00:00,8.121859355014749e-05
2025-11-27 00:00:00+00:00,8.210013038478792e-05
2025-11-28 00:00:00+00:00,8.298166721942835e-05
2025-11-29 00:00:00+00:00,8.386320405406877e-05
2025-11-30 00:00:00+00:00,8.47447408887092e-05
2025-12-01 00:00:00+00:00,8.562627772334963e-05
2025-12-02 00:00:00+00:00,8.650781455799006e-05
2025-12-03 00:00:00+00:00,8.738935139263049e-05
2025-12-04 00:00:00+00:00,8.827088822727092e-05
2025-12-05 00:00:00+00:00,8.915242506191134e-05
2025-12-06 00:00:00+00:00,8.358675404451787e-05
2025-12-07 00:00:00+00:00,7.80210830271244e-05
2025-12-08 00:00:00+00:00,7.245541200973094e-05
2025-12-09 00:00:00+00:00,6.688974099233747e-05
2025-12-10 00:00:00+00:00,6.1324069974944e-05
2025-12-11 00:00:00+00:00,5.5758398957550526e-05
2025-12-12 00:00:00+00:00,5.0192727940157056e-05
2025-12-13 00:00:00+00:00,6.295201455941424e-05
2025-12-14 00:00:00+00:00,6.180385935294908e-05
2025-12-15 00:00:00+00:00,6.065570414648391e-05
2025-12-16 00:00:00+00:00,6.107028275437187e-05
2025-12-17 00:00:00+00:00,6.148486136225984e-05
2025-12-18 00:00:00+00:00,5.887193765374832e-05
2025-12-19 00:00:00+00:00,5.62590139452368e-05
2025-12-20 00:00:00+00:00,5.3646090236725286e-05
2025-12-21 00:00:00+00:00,5.103316652821377e-05
2025-12-22 00:00:00+00:00,4.842024281970225e-05
2025-12-23 00:00:00+00:00,4.777199699839746e-05
2025-12-24 00:00:00+00:00,4.712375117709268e-05
2025-12-25 00:00:00+00:00,4.647550535578789e-05
2025-12-26 00:00:00+00:00,4.58272595344831e-05
2025-12-27 00:00:00+00:00,4.517901371317831e-05
2025-12-28 00:00:00+00:00,4.453076789187352e-05
2025-12-29 00:00:00+00:00,4.388252207056873e-05
2025-12-30 00:00:00+00:00,4.323427624926394e-05
2025-12-31 00:00:00+00:00,4.258603042795916e-05
2026-01-01 00:00:00+00:00,4.193778460665437e-05
2026-01-02 00:00:00+00:00,4.128953878534958e-05
2026-01-03 00:00:00+00:00,4.6219386907372005e-05
2026-01-04 00:00:00+00:00,5.114923502939443e-05
2026-01-05 00:00:00+00:00,5.607908315141685e-05
2026-01-06 00:00:00+00:00,6.100893127343928e-05
2026-01-07 00:00:00+00:00,6.593877939546171e-05
2026-01-08 00:00:00+00:00,7.086862751748413e-05
2026-01-09 00:00:00+00:00,4.6215864131227136e-05
2026-01-10 00:00:00+00:00,4.58835424069548e-05
2026-01-11 00:00:00+00:00,4.555122068268247e-05
2026-01-12 00:00:00+00:00,4.521889895841014e-05
2026-01-13 00:00:00+00:00,4.4886577234137805e-05
2026-01-14 00:00:00+00:00,4.455425550986547e-05
2026-01-15 00:00:00+00:00,4.4221933785593136e-05
2026-01-16 00:00:00+00:00,4.38896120613208e-05
2026-01-17 00:00:00+00:00,4.355729033704848e-05
2026-01-18 00:00:00+00:00,4.322496861277614e-05
2026-01-19 00:00:00+00:00,4.2892646888503805e-05
2026-01-20 00:00:00+00:00,4.277224943507463e-05
2026-01-21 00:00:00+00:00,4.265185198164545e-05
2026-01-22 00:00:00+00:00,4.253145452821627e-05
2026-01-23 00:00:00+00:00,4.241105707478709e-05
2026-01-24 00:00:00+00:00,4.229065962135792e-05
2026-01-25 00:00:00+00:00,4.638333048205823e-05
2026-01-26 00:00:00+00:00,5.0476001342758535e-05
2026-01-27 00:00:00+00:00,5.456867220345885e-05
2026-01-28 00:00:00+00:00,5.866134306415915e-05
2026-01-29 00:00:00+00:00,6.275401392485946e-05
2026-01-30 00:00:00+00:00,5.632615648210049e-05
2026-01-31 00:00:00+00:00,4.989829903934151e-05
2026-02-01 00:00:00+00:00,4.7489390757012494e-05
2026-02-02 00:00:00+00:00,4.508048247468347e-05
2026-02-03 00:00:00+00:00,4.2671574192354456e-05
2026-02-04 00:00:00+00:00,5.683637937181629e-05
2026-02-05 00:00:00+00:00,5.520846554480324e-05
2026-02-06 00:00:00+00:00,5.358055171779018e-05
2026-02-07 00:00:00+00:00,5.1952637890777126e-05
2026-02-08 00:00:00+00:00,5.032472406376407e-05
2026-02-09 00:00:00+00:00,4.869681023675102e-05
2026-02-10 00:00:00+00:00,4.706889640973796e-05
2026-02-11 00:00:00+00:00,4.5440982582724907e-05
2026-02-12 00:00:00+00:00,4.381306875571185e-05
2026-02-13 00:00:00+00:00,4.2185154928698793e-05
2026-02-14 00:00:00+00:00,4.055724110168575e-05
2026-02-15 00:00:00+00:00,3.892932727467269e-05
2026-02-16 00:00:00+00:00,6.449561624322087e-05
2026-02-17 00:00:00+00:00,6.27980774548963e-05
2026-02-18 00:00:00+00:00,6.110053866657175e-05
2026-02-19 00:00:00+00:00,5.940299987824719e-05
2026-02-20 00:00:00+00:00,5.770546108992262e-05
2026-02-21 00:00:00+00:00,5.6007922301598064e-05
2026-02-22 00:00:00+00:00,5.43103835132735e-05
2026-02-23 00:00:00+00:00,5.261284472494894e-05
2026-02-24 00:00:00+00:00,5.091530593662438e-05
2026-02-25 00:00:00+00:00,4.921776714829982e-05
2026-02-26 00:00:00+00:00,4.752022835997526e-05
2026-02-27 00:00:00+00:00,4.58226895716507e-05
2026-02-28 00:00:00+00:00,4.752262175315991e-05
2026-03-01 00:00:00+00:00,4.922255393466912e-05
2026-03-02 00:00:00+00:00,5.0922486116178335e-05
2026-03-03 00:00:00+00:00,5.262241829768754e-05
2026-03-04 00:00:00+00:00,5.432235047919676e-05
2026-03-05 00:00:00+00:00,5.150957395017031e-05
2026-03-06 00:00:00+00:00,4.8696797421143856e-05
2026-03-07 00:00:00+00:00,4.5884020892117405e-05
2026-03-08 00:00:00+00:00,4.307124436309096e-05
2026-03-09 00:00:00+00:00,4.02584678340645e-05
2026-03-10 00:00:00+00:00,3.744569130503805e-05
2026-03-11 00:00:00+00:00,3.46329147760116e-05
2026-03-12 00:00:00+00:00,3.182013824698515e-05
2026-03-13 00:00:00+00:00,4.682683720602654e-05
2026-03-14 00:00:00+00:00,3.9258604374481365e-05
2026-03-15 00:00:00+00:00,4.204550714348443e-05
2026-03-16 00:00:00+00:00,6.919403676874936e-05
2026-03-17 00:00:00+00:00,6.668052654796546e-05
2026-03-18 00:00:00+00:00,6.416701632718156e-05
2026-03-19 00:00:00+00:00,6.165350610639768e-05
2026-03-20 00:00:00+00:00,5.913999588561377e-05
2026-03-21 00:00:00+00:00,5.662648566482988e-05
2026-03-22 00:00:00+00:00,5.4112975444045984e-05
2026-03-23 00:00:00+00:00,5.1599465223262087e-05
2026-03-24 00:00:00+00:00,5.774433338956442e-05
2026-03-25 00:00:00+00:00,6.388920155586675e-05
2026-03-26 00:00:00+00:00,7.003406972216908e-05
2026-03-27 00:00:00+00:00,7.617893788847141e-05
2026-03-28 00:00:00+00:00,8.232380605477374e-05
2026-03-29 00:00:00+00:00,8.846867422107607e-05
2026-03-30 00:00:00+00:00,6.596482732372048e-05
2026-03-31 00:00:00+00:00,4.346098042636489e-05
2026-04-01 00:00:00+00:00,2.0957133529009297e-05
2026-04-02 00:00:00+00:00,6.034941179677844e-05
2026-04-03 00:00:00+00:00,2.9943852496217005e-05
2026-04-04 00:00:00+00:00,3.246313008276047e-05
2026-04-05 00:00:00+00:00,3.498240766930394e-05
2026-04-06 00:00:00+00:00,5.458994382934179e-05
2026-04-07 00:00:00+00:00,7.419747998937964e-05
2026-04-08 00:00:00+00:00,6.231453880900517e-05
2026-04-09 00:00:00+00:00,5.895931899431162e-05
2026-04-10 00:00:00+00:00,5.560409917961806e-05
2026-04-11 00:00:00+00:00,5.224887936492451e-05
2026-04-12 00:00:00+00:00,4.889365955023095e-05
2026-04-13 00:00:00+00:00,4.55384397355374e-05
2026-04-14 00:00:00+00:00,3.8103622500784695e-05
2026-04-15 00:00:00+00:00,6.198845949256793e-05
2026-04-16 00:00:00+00:00,6.382683204719797e-05
2026-04-17 00:00:00+00:00,4.413994975038804e-05
2026-04-18 00:00:00+00:00,8.548040204914287e-05
2026-04-19 00:00:00+00:00,9.340037286162144e-05
2026-04-20 00:00:00+00:00,0.0001013203436741
2026-04-21 00:00:00+00:00,9.159145192820392e-05
2026-04-22 00:00:00+00:00,8.186256018230784e-05
2026-04-23 00:00:00+00:00,7.213366843641177e-05
2026-04-24 00:00:00+00:00,6.240477669051569e-05
2026-04-25 00:00:00+00:00,5.267588494461961e-05
2026-04-26 00:00:00+00:00,5.372176787609028e-05
2026-04-27 00:00:00+00:00,5.476765080756094e-05
2026-04-28 00:00:00+00:00,5.5813533739031605e-05
2026-04-29 00:00:00+00:00,5.6859416670502265e-05
2026-04-30 00:00:00+00:00,5.790529960197293e-05
2026-05-01 00:00:00+00:00,5.895118253344359e-05
2026-05-02 00:00:00+00:00,5.999706546491426e-05
2026-05-03 00:00:00+00:00,6.104294839638492e-05
2026-05-04 00:00:00+00:00,6.208883132785559e-05
2026-05-05 00:00:00+00:00,8.108343899948522e-05
2026-05-06 00:00:00+00:00,5.626359416055493e-05
2026-05-07 00:00:00+00:00,5.457193037727848e-05
2026-05-08 00:00:00+00:00,3.502898834994994e-05
2026-05-09 00:00:00+00:00,3.204239874321502e-05
2026-05-10 00:00:00+00:00,2.9055809136480093e-05
2026-05-11 00:00:00+00:00,4.847183299716562e-05
2026-05-12 00:00:00+00:00,6.86836865497753e-05
2026-05-13 00:00:00+00:00,6.718632357660681e-05
2026-05-14 00:00:00+00:00,7.024761725915596e-05
2026-05-15 00:00:00+00:00,5.812902600155212e-05
2026-05-16 00:00:00+00:00,5.417462428643679e-05
2026-05-17 00:00:00+00:00,5.022022257132145e-05
2026-05-18 00:00:00+00:00,4.626582085620612e-05
2026-05-19 00:00:00+00:00,4.231141914109078e-05
2026-05-20 00:00:00+00:00,3.835701742597545e-05
2026-05-21 00:00:00+00:00,3.440261571086012e-05
2026-05-22 00:00:00+00:00,3.738027189683635e-05
2026-05-23 00:00:00+00:00,4.035792808281258e-05
2026-05-24 00:00:00+00:00,4.33355842687888e-05
2026-05-25 00:00:00+00:00,4.631324045476504e-05
2026-05-26 00:00:00+00:00,4.929089664074127e-05
2026-05-27 00:00:00+00:00,5.22685528267175e-05
2026-05-28 00:00:00+00:00,5.524620901269373e-05
2026-05-29 00:00:00+00:00,5.822386519866995e-05
2026-05-30 00:00:00+00:00,6.120152138464619e-05
2026-05-31 00:00:00+00:00,6.417917757062241e-05
2026-06-01 00:00:00+00:00,4.611266194842756e-05
2026-06-02 00:00:00+00:00,6.584617221960798e-05
2026-06-03 00:00:00+00:00,8.55796824907884e-05
2026-06-04 00:00:00+00:00,4.614947465597652e-05
2026-06-05 00:00:00+00:00,5.893283741897904e-05
2026-06-06 00:00:00+00:00,2.4300838049384765e-05
2026-06-07 00:00:00+00:00,4.3439242290332913e-05
2026-06-08 00:00:00+00:00,6.957664299989119e-05
2026-06-09 00:00:00+00:00,4.79708869534079e-05
2026-06-10 00:00:00+00:00,9.729497105581686e-05
2026-06-11 00:00:00+00:00,7.691806968068704e-05
2026-06-12 00:00:00+00:00,5.938797221460845e-05
2026-06-13 00:00:00+00:00,4.1857874748529866e-05
2026-06-14 00:00:00+00:00,4.4240528950467706e-05
2026-06-15 00:00:00+00:00,6.045600457582623e-05
2026-06-16 00:00:00+00:00,6.71944217174314e-05
2026-06-17 00:00:00+00:00,6.378505349857733e-05
2026-06-18 00:00:00+00:00,6.997168384259567e-05
2026-06-19 00:00:00+00:00,7.58091191528365e-05
2026-06-20 00:00:00+00:00,3.527465378283523e-05
2026-06-21 00:00:00+00:00,4.39977811765857e-05
2026-06-22 00:00:00+00:00,3.293462214060128e-05
2026-06-23 00:00:00+00:00,4.656774763134308e-05
2026-06-24 00:00:00+00:00,6.0200873122084886e-05
2026-06-25 00:00:00+00:00,3.289052619948052e-05
2026-06-26 00:00:00+00:00,4.062769221491181e-05
2026-06-27 00:00:00+00:00,4.7397239541169256e-05
2026-06-28 00:00:00+00:00,6.291086901910603e-05
2026-06-29 00:00:00+00:00,7.306383486138657e-05
2026-06-30 00:00:00+00:00,6.977970042498782e-05
2026-07-01 00:00:00+00:00,7.153628394007683e-05
2026-07-02 00:00:00+00:00,7.447144162142649e-05
2026-07-03 00:00:00+00:00,8.118703408399597e-05
2026-07-04 00:00:00+00:00,4.209311373415403e-05
2026-07-05 00:00:00+00:00,3.749077222892083e-05
2026-07-06 00:00:00+00:00,3.83037950086873e-05
2026-07-07 00:00:00+00:00,6.243763345992193e-05
2026-07-08 00:00:00+00:00,7.194170757429674e-05
2026-07-09 00:00:00+00:00,8.909488678909838e-05
2026-07-10 00:00:00+00:00,6.351082993205637e-05
2026-07-11 00:00:00+00:00,6.262403258006088e-05
2026-07-12 00:00:00+00:00,6.17372352280654e-05
2026-07-13 00:00:00+00:00,5.2202751248842105e-05
2026-07-14 00:00:00+00:00,5.127058466314338e-05
2026-07-15 00:00:00+00:00,4.857060048379935e-05
2026-07-16 00:00:00+00:00,3.728093724930659e-05
2026-07-17 00:00:00+00:00,5.1513339712983e-05
2026-07-18 00:00:00+00:00,5.749339470639825e-05
2026-07-19 00:00:00+00:00,4.815890497411601e-05
2026-07-20 00:00:00+00:00,6.379005935741588e-05
2026-07-21 00:00:00+00:00,8.62791421241127e-05
2026-07-22 00:00:00+00:00,3.862223093165085e-05
2026-07-23 00:00:00+00:00,8.009417069843039e-05
2026-07-24 00:00:00+00:00,6.422463047783822e-05
2026-07-25 00:00:00+00:00,4.332172829890624e-05
2026-07-26 00:00:00+00:00,3.657512934296392e-05
2026-07-27 00:00:00+00:00,4.0370710848947056e-05
2026-07-28 00:00:00+00:00,4.416629235493019e-05
2026-07-29 00:00:00+00:00,4.730490036308765e-05
2026-07-30 00:00:00+00:00,5.4376403568312526e-05
2026-07-31 00:00:00+00:00,4.5369841245701537e-05
2026-08-01 00:00:00+00:00,4.686405372922309e-05
2026-08-02 00:00:00+00:00,5.112198778078891e-06
2026-08-03 00:00:00+00:00,3.3539308788022026e-05
2026-08-04 00:00:00+00:00,4.582569818012416e-05
2026-08-05 00:00:00+00:00,5.283228165353648e-05
2026-08-06 00:00:00+00:00,4.170339161646552e-05
2026-08-07 00:00:00+00:00,4.158433512202464e-05
2026-08-08 00:00:00+00:00,3.820269193965942e-05
2026-08-09 00:00:00+00:00,5.017252988182008e-05
2026-08-10 00:00:00+00:00,5.6838453019736335e-05
2026-08-11 00:00:00+00:00,6.350437615765259e-05
2026-08-12 00:00:00+00:00,4.668180190492421e-05
2026-08-13 00:00:00+00:00,5.284339567879215e-05
2026-08-14 00:00:00+00:00,6.817743997089565e-05
2026-08-15 00:00:00+00:00,6.543182098539546e-05
2026-08-16 00:00:00+00:00,4.8204845370491967e-05
2026-08-17 00:00:00+00:00,1.3599366866401397e-05
2026-08-18 00:00:00+00:00,4.393982089823112e-05
2026-08-19 00:00:00+00:00,3.018650932062883e-05
2026-08-20 00:00:00+00:00,3.7213794712442905e-05
2026-08-21 00:00:00+00:00,3.77249343728181e-05
2026-08-22 00:00:00+00:00,4.0452850953442976e-05
2026-08-23 00:00:00+00:00,4.570548480842263e-05
2026-08-24 00:00:00+00:00,3.186611502314918e-05
2026-08-25 00:00:00+00:00,3.715578714036383e-05
2026-08-26 00:00:00+00:00,5.2639377827290446e-05
2026-08-27 00:00:00+00:00,6.15377357462421e-05
2026-08-28 00:00:00+00:00,5.996843901812099e-05
2026-08-29 00:00:00+00:00,2.077705357805825e-05
2026-08-30 00:00:00+00:00,3.3485495805507526e-05
2026-08-31 00:00:00+00:00,3.541006299201399e-05
