date,value
2025-08-31,5.5960569836134794e-05
2025-09-01,4.872810498935278e-05
2025-09-02,5.854655746555712e-05
2025-09-03,6.943715546539825e-05
2025-09-04,4.8736684965031494e-05
2025-09-05,4.9121579178398546e-05
2025-09-06,7.126518609605292e-05
2025-09-07,6.190571553571833e-05
2025-09-08,4.744287486680987e-05
2025-09-09,5.996530557649076e-05
2025-09-10,4.826928711299326e-05
2025-09-11,4.8614703085145163e-05
2025-09-12,5.747736562863675e-05
2025-09-13,3.198176429747438e-05
2025-09-14,3.4606127842489186e-05
2025-09-15,4.8918169127167805e-05
2025-09-16,4.3868346394076516e-05
2025-09-17,6.01459730906866e-05
2025-09-18,4.582715121985163e-05
2025-09-19,4.011974819908446e-05
2025-09-20,7.499441847945831e-05
2025-09-21,5.503162025939936e-05
2025-09-22,5.888041602932958e-05
2025-09-23,4.129686070159117e-05
2025-09-24,5.217941140750483e-05
2025-09-25,6.0355432024892234e-05
2025-09-26,4.551877829754538e-05
2025-09-27,6.413919691869652e-05
2025-09-28,5.2716854994608514e-05
2025-09-29,5.671127614463592e-05
2025-09-30,5.3271395559021944e-05
2025-10-01,8.299249191924668e-05
2025-10-02,6.086928864760458e-05
2025-10-03,4.859747126550932e-05
2025-10-04,7.141176134849733e-05
2025-10-05,4.713462402652845e-05
2025-10-06,6.452677946267722e-05
2025-10-07,3.873202928513143e-05
2025-10-08,4.652932680870595e-05
2025-10-09,6.504107069072544e-05
2025-10-10,7.174305833408197e-05
2025-10-11,6.513201415491948e-05
2025-10-12,6.187323326049158e-05
2025-10-13,5.982434501395216e-05
2025-10-14,4.586294330763041e-05
2025-10-15,5.512562389015441e-05
2025-10-16,5.83854600021705e-05
2025-10-17,7.673868690905847e-05
2025-10-18,6.830736528622868e-05
2025-10-19,4.314873308510388e-05
2025-10-20,6.830595439082206e-05
2025-10-21,5.989807938036517e-05
2025-10-22,5.6488442823914803e-05
2025-10-23,7.203432084077277e-05
2025-10-24,7.71391015212328e-05
2025-10-25,7.600552528287948e-05
2025-10-26,5.4812722862597325e-05
2025-10-27,6.121603115629589e-05
2025-10-28,6.89350357734651e-05
2025-10-29,7.668973725924382e-05
2025-10-30,5.924643667555488e-05
2025-10-31,6.277195337607704e-05
2025-11-01,5.171717452223802e-05
2025-11-02,5.0622051828365415e-05
2025-11-03,7.470019339504293e-05
2025-11-04,8.118814894625916e-05
2025-11-05,6.400258950093783e-05
2025-11-06,7.685263641061408e-05
2025-11-07,6.908353058027136e-05
2025-11-08,5.692628806732336e-05
2025-11-09,6.891852021553689e-05
2025-11-10,8.294253786241446e-05
2025-11-11,6.395085478549004e-05
2025-11-12,8.304157161419538e-05
2025-11-13,3.270447590177939e-05
2025-11-14,7.387038848484657e-05
2025-11-15,6.490892565175445e-05
2025-11-16,6.01238316171896e-05
2025-11-17,6.46514663532963e-05
2025-11-18,3.9528893221682516e-05
2025-11-19,6.0564120405552904e-05
2025-11-20,6.729719617908492e-05
2025-11-21,8.05495610831456e-05
2025-11-22,5.639003346523341e-05
2025-11-23,5.26933897461404e-05
2025-11-24,5.6152001362095977e-05
2025-11-25,7.292756836916414e-05
2025-11-26,6.564945108197786e-05
2025-11-27,5.510120674665368e-05
2025-11-28,6.736379051280861e-05
2025-11-29,6.21082939034738e-05
2025-11-30,7.22985892206213e-05
2025-12-01,5.197458127677644e-05
2025-12-02,5.618470852332097e-05
2025-12-03,5.512204752055039e-05
2025-12-04,4.1969305135767244e-05
2025-12-05,6.278271232422484e-05
2025-12-06,6.205356357057013e-05
2025-12-07,5.8667945498274406e-05
2025-12-08,5.547148409701254e-05
2025-12-09,4.097650181782404e-05
2025-12-10,5.2582320284597264e-05
2025-12-11,5.3181516408309125e-05
2025-12-12,4.732592683288334e-05
2025-12-13,5.467235322526532e-05
2025-12-14,6.110651432095922e-05
2025-12-15,7.853808496437337e-05
2025-12-16,5.764080189734217e-05
2025-12-17,5.827478937873418e-05
2025-12-18,5.3925693936191464e-05
2025-12-19,3.142543770551386e-05
2025-12-20,5.376120585762099e-05
2025-12-21,5.442809522650636e-05
2025-12-22,8.288772804488593e-05
2025-12-23,5.064176176953018e-05
2025-12-24,5.6187965270725515e-05
2025-12-25,5.177044671733521e-05
2025-12-26,3.777898422205591e-05
2025-12-27,6.513192502143824e-05
2025-12-28,6.005523279427609e-05
2025-12-29,6.013771685958452e-05
2025-12-30,3.934555088480066e-05
2025-12-31,6.670442677790287e-05
2026-01-01,3.266146307215146e-05
2026-01-02,5.613908596511636e-05
2026-01-03,7.499599552865805e-05
2026-01-04,3.6438678991606334e-05
2026-01-05,4.1145245663067776e-05
2026-01-06,4.875371118697395e-05
2026-01-07,4.113489150295695e-05
2026-01-08,2.8189225095609474e-05
2026-01-09,4.7242664207583085e-05
2026-01-10,3.329737304436664e-05
2026-01-11,5.135587267441305e-05
2026-01-12,3.4270303575156965e-05
2026-01-13,6.353636936629877e-05
2026-01-14,3.517525453101865e-05
2026-01-15,4.0350310711877795e-05
2026-01-16,5.362186722620172e-05
2026-01-17,2.8737994314536075e-05
2026-01-18,4.5890918812622675e-05
2026-01-19,5.850470544965232e-05
2026-01-20,2.3191573983578642e-05
2026-01-21,4.43643721919044e-05
2026-01-22,4.493998695287133e-05
2026-01-23,5.088134811696096e-05
2026-01-24,2.6339812685075932e-05
2026-01-25,2.5027367591261798e-05
2026-01-26,4.683185656846526e-05
2026-01-27,4.383437266327352e-05
2026-01-28,4.2984956240947516e-05
2026-01-29,4.385158700560871e-05
2026-01-30,3.125594918945045e-05
2026-01-31,4.193238379149336e-05
2026-02-01,4.2398539516855246e-05
2026-02-02,3.0053195856505153e-05
2026-02-03,6.076603351323148e-05
2026-02-04,4.382181019958979e-05
2026-02-05,2.360715883875405e-05
2026-02-06,4.555649500406975e-05
2026-02-07,2.5764937765992598e-05
2026-02-08,4.669775887199651e-05
2026-02-09,5.095601502734018e-05
2026-02-10,2.7013436602615834e-05
2026-02-11,4.8239653711489464e-05
2026-02-12,4.145890807845433e-05
2026-02-13,4.620565246852064e-05
2026-02-14,5.8946946476097855e-05
2026-02-15,3.309448364239586e-05
2026-02-16,2.68573251585817e-05
2026-02-17,2.510040314431115e-05
2026-02-18,2.5866754181536164e-05
2026-02-19,3.4622721258568524e-05
2026-02-20,3.9542864870027126e-05
2026-02-21,3.868013133247471e-05
2026-02-22,4.520660193435815e-05
2026-02-23,3.536680045307743e-05
2026-02-24,5.259342149957751e-05
2026-02-25,3.192526526213332e-05
2026-02-26,6.770324505686774e-05
2026-02-27,4.253925076019919e-05
2026-02-28,2.472535915440936e-05
2026-03-01,2.2150540143445585e-05
2026-03-02,4.079091910309716e-05
2026-03-03,3.232969640749454e-05
2026-03-04,4.3599248516124224e-05
2026-03-05,4.0740066552674856e-05
2026-03-06,3.422720030910632e-05
2026-03-07,2.4989487956868848e-05
2026-03-08,1.7032611054312173e-05
2026-03-09,2.9922223521121607e-05
2026-03-10,4.563662727239614e-05
2026-03-11,3.8018166101789835e-05
2026-03-12,2.0599076426993908e-05
2026-03-13,3.773464871133559e-05
2026-03-14,4.039838485656346e-05
2026-03-15,2.529586989645797e-05
2026-03-16,3.7883842305776644e-05
2026-03-17,3.6883935305602484e-05
2026-03-18,2.2625286974619277e-05
2026-03-19,4.079898527939574e-05
2026-03-20,4.340855447697641e-05
2026-03-21,4.9858239340939675e-05
2026-03-22,4.9698492703670165e-05
2026-03-23,2.072071121160199e-05
2026-03-24,2.620721732973897e-05
2026-03-25,4.38582749069677e-05
2026-03-26,4.406823221613233e-05
2026-03-27,4.431638738432092e-05
2026-03-28,8.460951726735105e-05
2026-03-29,4.547609900113956e-05
2026-03-30,5.250845751943824e-05
2026-03-31,5.059336058747974e-05
2026-04-01,4.7232940864061903e-05
2026-04-02,3.5910977555960835e-05
2026-04-03,4.90866726827162e-05
2026-04-04,3.099665401002441e-05
2026-04-05,3.7726734500182366e-05
2026-04-06,3.504848437432387e-05
2026-04-07,4.2165710888248773e-05
2026-04-08,6.927537645571533e-05
2026-04-09,1.9414211110789248e-05
2026-04-10,5.0383888174010896e-05
2026-04-11,2.312878234403754e-05
2026-04-12,3.715581000878996e-05
2026-04-13,5.6228806760981504e-05
2026-04-14,4.427972634088908e-05
2026-04-15,3.0926723282614e-05
2026-04-16,3.563140439522627e-05
2026-04-17,5.2729467026269596e-05
2026-04-18,3.6172756925482665e-05
2026-04-19,4.790089746094629e-05
2026-04-20,4.6219625585636624e-05
2026-04-21,3.822581343781008e-05
2026-04-22,7.214723758181465e-05
2026-04-23,5.440421453621919e-05
2026-04-24,2.2874888312460043e-05
2026-04-25,4.979534658315537e-05
2026-04-26,3.9999380841080366e-05
2026-04-27,5.855431491072927e-05
2026-04-28,3.92002791577459e-05
2026-04-29,4.77199635419103e-05
2026-04-30,5.554352317342429e-05
2026-05-01,6.025995737671112e-05
2026-05-02,3.5854643457668196e-05
2026-05-03,4.663131866497657e-05
2026-05-04,4.5332692668103314e-05
2026-05-05,4.357810045637344e-05
2026-05-06,7.298857155686346e-05
2026-05-07,5.704676848532958e-05
2026-05-08,3.743878971070162e-05
2026-05-09,6.396443671156094e-05
2026-05-10,7.879469705921407e-05
2026-05-11,6.609491583382778e-05
2026-05-12,3.5846932771563414e-05
2026-05-13,4.8639883414707326e-05
2026-05-14,7.002197871562493e-05
2026-05-15,4.6692151102635625e-05
2026-05-16,6.087170128111484e-05
2026-05-17,6.519946279099904e-05
2026-05-18,4.513473838024776e-05
2026-05-19,5.5893477492515825e-05
2026-05-20,1.8058045982713882e-05
2026-05-21,4.500143891061887e-05
2026-05-22,5.459924634106364e-05
2026-05-23,4.29875525388508e-05
2026-05-24,7.787546534469391e-05
2026-05-25,4.1444887483037274e-05
2026-05-26,5.364036646404764e-05
2026-05-27,6.079815592688301e-05
2026-05-28,7.682676398214605e-05
2026-05-29,4.259699954398301e-05
2026-05-30,7.407461930835369e-05
2026-05-31,6.05220151355397e-05
2026-06-01,4.88967455216512e-05
2026-06-02,6.648860500245656e-05
2026-06-03,6.359329766232996e-05
2026-06-04,5.42557266659526e-05
2026-06-05,6.254206278594186e-05
2026-06-06,5.731897979439811e-05
2026-06-07,6.35352940281254e-05
2026-06-08,7.03408810751112e-05
2026-06-09,8.164147787826139e-05
2026-06-10,4.7961046560325206e-05
2026-06-11,8.860824581681915e-05
2026-06-12,3.9775129465333004e-05
2026-06-13,6.155829905646623e-05
2026-06-14,7.061014351268519e-05
2026-06-15,6.70838222356004e-05
2026-06-16,5.639196659504927e-05
2026-06-17,6.151009142805657e-05
2026-06-18,5.8225405934950326e-05
2026-06-19,5.7193470661096766e-05
2026-06-20,7.457599241906173e-05
2026-06-21,6.877028489640339e-05
2026-06-22,5.6266857806308075e-05
2026-06-23,7.546292362778386e-05
2026-06-24,6.843149253021904e-05
2026-06-25,7.456458706197732e-05
2026-06-26,7.242225706298516e-05
2026-06-27,5.496532847234442e-05
2026-06-28,5.822771104394892e-05
2026-06-29,7.394405457881262e-05
2026-06-30,7.231763739551193e-05
2026-07-01,6.474904196847308e-05
2026-07-02,6.640445612940375e-05
2026-07-03,8.031517448323661e-05
2026-07-04,5.7861017930592375e-05
2026-07-05,7.149174824055092e-05
2026-07-06,6.245702131206226e-05
2026-07-07,6.221798941475846e-05
2026-07-08,7.795242947512768e-05
2026-07-09,7.459920156253871e-05
2026-07-10,7.437362245959397e-05
2026-07-11,8.018481243121292e-05
2026-07-12,6.466899285767762e-05
2026-07-13,7.248865060499626e-05
2026-07-14,6.0460744732285674e-05
2026-07-15,6.794321642429279e-05
2026-07-16,6.235140860127574e-05
2026-07-17,6.492770597080354e-05
2026-07-18,7.074709149728251e-05
2026-07-19,5.361894116222197e-05
2026-07-20,8.836965995737599e-05
2026-07-21,5.100338620264341e-05
2026-07-22,4.831119602068426e-05
2026-07-23,7.657606634229678e-05
2026-07-24,7.196751172304236e-05
2026-07-25,6.973750857631462e-05
2026-07-26,6.956056243379153e-05
2026-07-27,6.163778655201775e-05
2026-07-28,5.0774169945429107e-05
2026-07-29,6.219965711130485e-05
2026-07-30,5.290531480631446e-05
2026-07-31,7.246659050615245e-05
2026-08-01,5.8727186327749056e-05
2026-08-02,5.030563478064511e-05
2026-08-03,5.606788917379827e-05
2026-08-04,6.458599814985597e-05
2026-08-05,5.256600659296533e-05
2026-08-06,4.9157716201576686e-05
2026-08-07,6.163625063970997e-05
2026-08-08,6.133343778945735e-05
2026-08-09,5.198675946862094e-05
2026-08-10,5.208847619781793e-05
2026-08-11,6.01912325006913e-05
2026-08-12,3.969038051714008e-05
2026-08-13,3.98338748335875e-05
2026-08-14,4.775367444451409e-05
2026-08-15,5.3460954017547456e-05
2026-08-16,5.939651026523554e-05
2026-08-17,7.300941643604022e-05
2026-08-18,6.52330427117922e-05
2026-08-19,5.265455601028323e-05
2026-08-20,5.3975265633155985e-05
2026-08-21,4.179994705108912e-05
2026-08-22,5.323242742155051e-05
2026-08-23,4.961266383098765e-05
2026-08-24,5.656912150994051e-05
2026-08-25,4.238786098733636e-05
2026-08-26,5.816338083268281e-05
2026-08-27,6.993939241774246e-05
2026-08-28,4.9855675407019676e-05
2026-08-29,5.559483567353612e-05
2026-08-30,5.866900450394036e-05
2026-08-31,4.5185354337369974e-05
