id_sampel,kelas,label,B02,B03,B04,B08,NDVI
1,Sawah,1,0.07324545830488205,0.09452726691961288,0.09793183207511902,0.22171363234519958,0.3872471661519132
2,Sawah,1,0.07303999364376068,0.09318500012159348,0.10739500820636749,0.1974100023508072,0.29531992922260336
3,Sawah,1,0.05640625208616257,0.08012500405311584,0.09844375401735306,0.22200000286102295,0.38557858030158315
4,Sawah,1,0.05618888884782791,0.08287222683429718,0.1076333224773407,0.22946111857891083,0.36140553288222427
5,Sawah,1,0.05664999783039093,0.0817333310842514,0.0843999981880188,0.26616665720939636,0.5184938619313929
6,Sawah,1,0.06247778236865997,0.08677777647972107,0.09297777712345123,0.20044444501399994,0.36625265498877874
7,Sawah,1,0.0754111111164093,0.09585555642843246,0.10454444587230682,0.18753331899642944,0.28413279991175966
8,Sawah,1,0.0830545425415039,0.09923636168241501,0.10913636535406113,0.17894545197486877,0.24232382060093746
9,Sawah,1,0.08355624973773956,0.10521875321865082,0.1145937517285347,0.210099995136261,0.2941425399470216
10,Sawah,1,0.05679333209991455,0.08451332896947861,0.0929066613316536,0.22847333550453186,0.42182673317399905
11,Sawah,1,0.05648750066757202,0.08141250163316727,0.08445625007152557,0.1787625104188919,0.35828092257428423
12,Sawah,1,0.052981819957494736,0.08132727444171906,0.07877273112535477,0.16978181898593903,0.3661533768737433
13,Sawah,1,0.06903333216905594,0.09327222406864166,0.1033666655421257,0.1965944617986679,0.3107995928773254
14,Sawah,1,0.08434999734163284,0.10545714199542999,0.11859999597072601,0.1863642930984497,0.22220404013386816
15,Sawah,1,0.0869624987244606,0.1065562516450882,0.12199375033378601,0.18227499723434448,0.1981184310986805
16,Sawah,1,0.08106666058301926,0.10160832852125168,0.1177416667342186,0.19079168140888214,0.2367653775979582
17,Sawah,1,0.09138333797454834,0.11255001276731491,0.12265001982450485,0.17387498915195465,0.17275092412699813
18,Sawah,1,0.0695333406329155,0.10200000554323196,0.10892500728368759,0.2593666613101959,0.40848508629284486
19,Sawah,1,0.0808899998664856,0.10587000846862793,0.11525501310825348,0.23861999809741974,0.34861174449378163
20,Sawah,1,0.0631818175315857,0.10473637282848358,0.08559999614953995,0.19128179550170898,0.38168562375268905
21,Sawah,1,0.044938888400793076,0.08432777971029282,0.06816666573286057,0.19678333401679993,0.48543751049429534
22,Sawah,1,0.04699999839067459,0.07860714942216873,0.08732856065034866,0.2879071533679962,0.5345402508990428
23,Sawah,1,0.05462222173810005,0.08892777562141418,0.08542778342962265,0.28786665201187134,0.5423034724394564
24,Sawah,1,0.045988235622644424,0.0832705944776535,0.07957646250724792,0.3065941333770752,0.5878688675142685
25,Sawah,1,0.0390307679772377,0.07710769772529602,0.07479999959468842,0.27841538190841675,0.576462388039968
26,Sawah,1,0.052924994379282,0.08714166283607483,0.08179166167974472,0.2088666707277298,0.4371971998719044
27,Sawah,1,0.062223080545663834,0.08996152877807617,0.07426153868436813,0.12934614717960358,0.27054287396614746
28,Sawah,1,0.044409092515707016,0.07277273386716843,0.05830909311771393,0.10329091548919678,0.27835284638443536
29,Sawah,1,0.03629999980330467,0.06133636087179184,0.0510818213224411,0.13489998877048492,0.4506793831405554
30,Sawah,1,0.08524000644683838,0.10739333927631378,0.0867733433842659,0.13379333913326263,0.21317814282880204
31,Sawah,1,0.022708332166075706,0.041700005531311035,0.027308335527777672,0.08832500129938126,0.5276736574921059
32,Sawah,1,0.053485721349716187,0.07546429336071014,0.05577142909169197,0.07032142579555511,0.11539112756923324
33,Sawah,1,0.018841175362467766,0.040400002151727676,0.020594118162989616,0.10653529316186905,0.6760133166924737
34,Sawah,1,0.030455555766820908,0.05207778140902519,0.031833332031965256,0.0416666679084301,0.1337868827814852
35,Sawah,1,0.024814287200570107,0.04665714129805565,0.024385714903473854,0.06628571450710297,0.46210807391045144
36,Sawah,1,0.05836666747927666,0.08221999555826187,0.06882666796445847,0.10792665928602219,0.22121219402084774
37,Sawah,1,0.08730769157409668,0.10996922850608826,0.10575384646654129,0.15616925060749054,0.19248170437866913
38,Sawah,1,0.10097894072532654,0.13313157856464386,0.1179157942533493,0.2450578808784485,0.3502790845064265
39,Sawah,1,0.10272667557001114,0.13050000369548798,0.12082000821828842,0.1783466786146164,0.1922896930982782
40,Sawah,1,0.06279999762773514,0.0913499966263771,0.0810999944806099,0.09748333692550659,0.09174060264134802
41,Sawah,1,0.0486111156642437,0.07826666533946991,0.06852222979068756,0.145122230052948,0.35853960509120286
42,Sawah,1,0.10141818225383759,0.13086363673210144,0.12040910124778748,0.1656000018119812,0.15800511270702447
43,Sawah,1,0.06302222609519958,0.09927777945995331,0.07784444093704224,0.20632222294807434,0.4521212314438591
44,Sawah,1,0.14532221853733063,0.1788666695356369,0.16017776727676392,0.260488897562027,0.23845752152408983
45,Sawah,1,0.0314454510807991,0.08312726765871048,0.04899090901017189,0.2005545198917389,0.6073587945429462
46,Sawah,1,0.041709091514348984,0.09591817855834961,0.05421818420290947,0.17501817643642426,0.5269669780858806
47,Sawah,1,0.07212221622467041,0.12467777729034424,0.08934444189071655,0.2164333462715149,0.41562503654899513
48,Sawah,1,0.09972000122070312,0.15533000230789185,0.11036000400781631,0.2082900106906891,0.3073277959065228
49,Sawah,1,0.08063571900129318,0.13326428830623627,0.0933285728096962,0.21745716035366058,0.39940246381489874
50,Sawah,1,0.09255000203847885,0.14780832827091217,0.10212499648332596,0.20203332602977753,0.32847475196785847
1,Non-sawah,0,0.2546125054359436,0.2303375005722046,0.22657498717308044,0.24271249771118164,0.034387259532567986
2,Non-sawah,0,0.31836000084877014,0.2889400124549866,0.2685000002384186,0.2874999940395355,0.03417265107311946
3,Non-sawah,0,0.29523998498916626,0.26330000162124634,0.2467999905347824,0.2722399830818176,0.049013551634131
4,Non-sawah,0,0.2385857105255127,0.22505713999271393,0.22504286468029022,0.23591430485248566,0.023584490904468798
5,Non-sawah,0,0.2199999839067459,0.20876668393611908,0.210383340716362,0.2220333367586136,0.026941597420062007
6,Non-sawah,0,0.21089999377727509,0.2019999921321869,0.20165999233722687,0.21449999511241913,0.030853525476775584
7,Non-sawah,0,0.21203333139419556,0.2059333324432373,0.20303332805633545,0.21754999458789825,0.034515554350314254
8,Non-sawah,0,0.21386000514030457,0.20353999733924866,0.2010200023651123,0.21739999949932098,0.03914726127150046
9,Non-sawah,0,0.29991668462753296,0.28573334217071533,0.2750833332538605,0.28395000100135803,0.015860713850472486
10,Non-sawah,0,0.28342002630233765,0.26479998230934143,0.25314000248908997,0.27112001180648804,0.03429597685712673
11,Non-sawah,0,0.27595001459121704,0.25255000591278076,0.2416749894618988,0.26227501034736633,0.040877112597012044
12,Non-sawah,0,0.24703998863697052,0.22874000668525696,0.22458000481128693,0.2422800064086914,0.037912867180788526
13,Non-sawah,0,0.24355000257492065,0.22474999725818634,0.22595000267028809,0.23690000176429749,0.02365777031240573
14,Non-sawah,0,0.23602500557899475,0.22519999742507935,0.22370000183582306,0.23207499086856842,0.018375271058755187
15,Non-sawah,0,0.23435001075267792,0.22421665489673615,0.22065000236034393,0.23044998943805695,0.02172464477031665
16,Non-sawah,0,0.22673332691192627,0.21426665782928467,0.20906667411327362,0.22180001437664032,0.02955285382584124
17,Non-sawah,0,0.21206000447273254,0.20100000500679016,0.19925999641418457,0.2115199863910675,0.02984563632618708
18,Non-sawah,0,0.19978570938110352,0.19327141344547272,0.1965571492910385,0.204599991440773,0.02004910628055213
19,Non-sawah,0,0.18542000651359558,0.17985999584197998,0.19180001318454742,0.1977199912071228,0.015198136054195361
20,Non-sawah,0,0.17520000040531158,0.17480000853538513,0.19009999930858612,0.1889750063419342,-0.0029677318469503063
21,Non-sawah,0,0.17363333702087402,0.17580001056194305,0.19683332741260529,0.19151665270328522,-0.01369042096444418
22,Non-sawah,0,0.2831750214099884,0.2804499864578247,0.2844499945640564,0.27665001153945923,-0.013901234966584857
23,Non-sawah,0,0.25546666979789734,0.25724998116493225,0.2578500211238861,0.26598331332206726,0.015526488414074585
24,Non-sawah,0,0.23178334534168243,0.23645000159740448,0.23928332328796387,0.24309998750686646,0.007912098394560566
25,Non-sawah,0,0.22268570959568024,0.22188571095466614,0.2280000001192093,0.22625713050365448,-0.003836746851205261
26,Non-sawah,0,0.21797999739646912,0.21504001319408417,0.21610000729560852,0.22127997875213623,0.011843183551526887
27,Non-sawah,0,0.195499986410141,0.19830000400543213,0.20608000457286835,0.20615999400615692,0.00019403607986681203
28,Non-sawah,0,0.19223999977111816,0.19635999202728271,0.20384001731872559,0.2055399864912033,0.004152545695092135
29,Non-sawah,0,0.17951250076293945,0.1800374984741211,0.1949000060558319,0.19569998979568481,0.0020480894735006917
30,Non-sawah,0,0.1720999926328659,0.1723800152540207,0.19167999923229218,0.18971998989582062,-0.0051389863459413675
31,Non-sawah,0,0.17589999735355377,0.18562500178813934,0.1976500004529953,0.19584998488426208,-0.004574372644996351
32,Non-sawah,0,0.2089499980211258,0.19449999928474426,0.19780001044273376,0.21254999935626984,0.03594489718852661
33,Non-sawah,0,0.17558331787586212,0.18158334493637085,0.20579999685287476,0.19918332993984222,-0.016338121782527474
34,Non-sawah,0,0.1693199872970581,0.17030000686645508,0.1908400058746338,0.18891999125480652,-0.005055863267169865
35,Non-sawah,0,0.1701599806547165,0.17236000299453735,0.19405999779701233,0.1896199882030487,-0.011572168880247292
36,Non-sawah,0,0.171466663479805,0.1770000010728836,0.19433332979679108,0.19323332607746124,-0.002838231056922335
37,Non-sawah,0,0.16860000789165497,0.16947999596595764,0.1889599859714508,0.18761999905109406,-0.0035583062660022383
38,Non-sawah,0,0.1819666624069214,0.19210000336170197,0.21379999816417694,0.2092333287000656,-0.010795058389281083
39,Non-sawah,0,0.16501998901367188,0.17122000455856323,0.19416001439094543,0.1941400021314621,-5.1538137089372386e-05
40,Non-sawah,0,0.16514000296592712,0.17282000184059143,0.19849999248981476,0.19915999472141266,0.0016597149646019656
41,Non-sawah,0,0.1860000044107437,0.19940000772476196,0.218299999833107,0.2207999974489212,0.005693458508970323
42,Non-sawah,0,0.18289999663829803,0.1914999932050705,0.20626665651798248,0.21516667306423187,0.021118444891561786
43,Non-sawah,0,0.1621749997138977,0.17202499508857727,0.20109999179840088,0.2037000060081482,0.006422960039119966
44,Non-sawah,0,0.1811250001192093,0.1847749948501587,0.2028999924659729,0.20097500085830688,-0.004766305514044043
45,Non-sawah,0,0.1644749939441681,0.1748250126838684,0.1922999918460846,0.19359999895095825,0.0033687668719260804
46,Non-sawah,0,0.16637501120567322,0.16762501001358032,0.18379999697208405,0.18412499129772186,0.0008833168064124345
47,Non-sawah,0,0.16022498905658722,0.1673250049352646,0.18975000083446503,0.1911499947309494,0.0036754894008496908
48,Non-sawah,0,0.16507144272327423,0.16832855343818665,0.1834428608417511,0.1842285692691803,0.0021369852620643937
49,Non-sawah,0,0.16200000047683716,0.16990000009536743,0.18742500245571136,0.18815000355243683,0.0019303763166544016
50,Non-sawah,0,0.16085998713970184,0.1660199910402298,0.18289999663829803,0.18318000435829163,0.0007648812260470897
