date,SO2
2025-08-31 00:00:00+00:00,6.158768519526348e-05
2025-09-01 00:00:00+00:00,6.158768519526348e-05
2025-09-02 00:00:00+00:00,6.158768519526348e-05
2025-09-03 00:00:00+00:00,6.158768519526348e-05
2025-09-04 00:00:00+00:00,0.0001125250782934
2025-09-05 00:00:00+00:00,0.0003790977098105
2025-09-06 00:00:00+00:00,0.0006456703413277
2025-09-07 00:00:00+00:00,0.0002631344541441
2025-09-08 00:00:00+00:00,0.0002581822191131
2025-09-09 00:00:00+00:00,0.0002532299840822
2025-09-10 00:00:00+00:00,0.0002482777490512
2025-09-11 00:00:00+00:00,0.0002433255140203
2025-09-12 00:00:00+00:00,0.0002383732789894
2025-09-13 00:00:00+00:00,0.0002397828793618
2025-09-14 00:00:00+00:00,0.000286762628093
2025-09-15 00:00:00+00:00,0.0003337423768243
2025-09-16 00:00:00+00:00,0.0003807221255555
2025-09-17 00:00:00+00:00,0.0004277018742868
2025-09-18 00:00:00+00:00,0.000474681623018
2025-09-19 00:00:00+00:00,0.0005216613717492
2025-09-20 00:00:00+00:00,0.0005686411204805
2025-09-21 00:00:00+00:00,0.0006156208692118
2025-09-22 00:00:00+00:00,0.0007960093789733
2025-09-23 00:00:00+00:00,0.000723246239691
2025-09-24 00:00:00+00:00,0.0006504831004088
2025-09-25 00:00:00+00:00,0.0005777199611266
2025-09-26 00:00:00+00:00,0.0005049568218444
2025-09-27 00:00:00+00:00,0.0004321936825622
2025-09-28 00:00:00+00:00,0.00035943054328
2025-09-29 00:00:00+00:00,0.0002866674039978
2025-09-30 00:00:00+00:00,0.0004444420919753
2025-10-01 00:00:00+00:00,0.0006022167799528
2025-10-02 00:00:00+00:00,0.0007599914679303
2025-10-03 00:00:00+00:00,0.0006662172433736
2025-10-04 00:00:00+00:00,0.000572443018817
2025-10-05 00:00:00+00:00,0.0004786687942603
2025-10-06 00:00:00+00:00,0.0003848945697037
2025-10-07 00:00:00+00:00,0.000291120345147
2025-10-08 00:00:00+00:00,0.0001973461205904
2025-10-09 00:00:00+00:00,0.0001035718960338
2025-10-10 00:00:00+00:00,0.0001788560330169
2025-10-11 00:00:00+00:00,0.0002106218016706
2025-10-12 00:00:00+00:00,0.0001748127033351
2025-10-13 00:00:00+00:00,0.0001390036049997
2025-10-14 00:00:00+00:00,6.743572885170579e-05
2025-10-15 00:00:00+00:00,0.0001938105560839
2025-10-16 00:00:00+00:00,0.0003201853833161
2025-10-17 00:00:00+00:00,0.0002800001529976
2025-10-18 00:00:00+00:00,0.0002398149226791
2025-10-19 00:00:00+00:00,0.0001996296923607
2025-10-20 00:00:00+00:00,0.0001879982191893
2025-10-21 00:00:00+00:00,0.0001763667460181
2025-10-22 00:00:00+00:00,0.0001647352728468
2025-10-23 00:00:00+00:00,0.0001531037996755
2025-10-24 00:00:00+00:00,0.0001081479355585
2025-10-25 00:00:00+00:00,6.319207144160816e-05
2025-10-26 00:00:00+00:00,1.823620732466225e-05
2025-10-27 00:00:00+00:00,2.8702364612729315e-05
2025-10-28 00:00:00+00:00,3.916852190079639e-05
2025-10-29 00:00:00+00:00,4.9634679188863455e-05
2025-10-30 00:00:00+00:00,6.010083647693053e-05
2025-10-31 00:00:00+00:00,7.056699376499758e-05
2025-11-01 00:00:00+00:00,8.103315105306465e-05
2025-11-02 00:00:00+00:00,9.149930834113172e-05
2025-11-03 00:00:00+00:00,0.0001019654656291
2025-11-04 00:00:00+00:00,0.0001124316229172
2025-11-05 00:00:00+00:00,0.0001228977802053
2025-11-06 00:00:00+00:00,0.0001333639374934
2025-11-07 00:00:00+00:00,0.0004740879521705
2025-11-08 00:00:00+00:00,0.0004646595122969
2025-11-09 00:00:00+00:00,0.0004552310724234
2025-11-10 00:00:00+00:00,0.0004458026325499
2025-11-11 00:00:00+00:00,0.0004363741926763
2025-11-12 00:00:00+00:00,0.0004269457528028
2025-11-13 00:00:00+00:00,0.0004175173129293
2025-11-14 00:00:00+00:00,0.0004080888730558
2025-11-15 00:00:00+00:00,0.0003986604331822
2025-11-16 00:00:00+00:00,0.0003892319933087
2025-11-17 00:00:00+00:00,0.0003798035534352
2025-11-18 00:00:00+00:00,0.0003703751135617
2025-11-19 00:00:00+00:00,0.0003813622533925
2025-11-20 00:00:00+00:00,0.0003923493932233
2025-11-21 00:00:00+00:00,0.0004033365330541
2025-11-22 00:00:00+00:00,0.000414323672885
2025-11-23 00:00:00+00:00,0.0003915147641567
2025-11-24 00:00:00+00:00,0.0003687058554284
2025-11-25 00:00:00+00:00,0.0003458969467001
2025-11-26 00:00:00+00:00,0.0003230880379718
2025-11-27 00:00:00+00:00,0.0003002791292435
2025-11-28 00:00:00+00:00,0.0002774702205152
2025-11-29 00:00:00+00:00,0.0002546613117869
2025-11-30 00:00:00+00:00,0.0002318524030586
2025-12-01 00:00:00+00:00,0.0002090434943303
2025-12-02 00:00:00+00:00,0.000186234585602
2025-12-03 00:00:00+00:00,0.0001634256768738
2025-12-04 00:00:00+00:00,0.0003549820030456
2025-12-05 00:00:00+00:00,0.0005465383292175
2025-12-06 00:00:00+00:00,0.0002853932892321
2025-12-07 00:00:00+00:00,2.424824924673885e-05
2025-12-08 00:00:00+00:00,6.006117837385414e-05
2025-12-09 00:00:00+00:00,9.587410750096944e-05
2025-12-10 00:00:00+00:00,0.000131687036628
2025-12-11 00:00:00+00:00,0.0001674999657552
2025-12-12 00:00:00+00:00,0.0001300232252105
2025-12-13 00:00:00+00:00,9.254648466594516e-05
2025-12-14 00:00:00+00:00,0.0001660860070842
2025-12-15 00:00:00+00:00,0.0002396255295025
2025-12-16 00:00:00+00:00,0.0001655985397519
2025-12-17 00:00:00+00:00,9.157155000139028e-05
2025-12-18 00:00:00+00:00,7.483710051019443e-05
2025-12-19 00:00:00+00:00,5.810265101899858e-05
2025-12-20 00:00:00+00:00,4.136820152780274e-05
2025-12-21 00:00:00+00:00,2.463375203660689e-05
2025-12-22 00:00:00+00:00,7.899302545411047e-06
2025-12-23 00:00:00+00:00,9.53522220307952e-05
2025-12-24 00:00:00+00:00,0.0001828051415161
2025-12-25 00:00:00+00:00,0.0002702580610015
2025-12-26 00:00:00+00:00,0.0003577109804869
2025-12-27 00:00:00+00:00,0.0004451638999723
2025-12-28 00:00:00+00:00,0.0005326168194577
2025-12-29 00:00:00+00:00,0.0006200697389431
2025-12-30 00:00:00+00:00,0.0004947971228829
2025-12-31 00:00:00+00:00,0.0003695245068229
2026-01-01 00:00:00+00:00,0.0002442518907628
2026-01-02 00:00:00+00:00,0.0001189792747027
2026-01-03 00:00:00+00:00,0.0001895346904347
2026-01-04 00:00:00+00:00,0.0002600901061668
2026-01-05 00:00:00+00:00,0.0002588068964541
2026-01-06 00:00:00+00:00,0.0002575236867414
2026-01-07 00:00:00+00:00,0.0002562404770287
2026-01-08 00:00:00+00:00,0.000254957267316
2026-01-09 00:00:00+00:00,0.0002493456258889
2026-01-10 00:00:00+00:00,0.0002437339844618
2026-01-11 00:00:00+00:00,0.0002381223430347
2026-01-12 00:00:00+00:00,0.0002325107016076
2026-01-13 00:00:00+00:00,0.0002268990601805
2026-01-14 00:00:00+00:00,0.0002212874187534
2026-01-15 00:00:00+00:00,0.0002156757773263
2026-01-16 00:00:00+00:00,0.0002100641358992
2026-01-17 00:00:00+00:00,0.0002044524944721
2026-01-18 00:00:00+00:00,0.000198840853045
2026-01-19 00:00:00+00:00,0.0001932292116179
2026-01-20 00:00:00+00:00,0.0001876175701908
2026-01-21 00:00:00+00:00,0.0001820059287637
2026-01-22 00:00:00+00:00,0.0001763942873366
2026-01-23 00:00:00+00:00,0.0001707826459095
2026-01-24 00:00:00+00:00,0.0001651710044825
2026-01-25 00:00:00+00:00,0.0001377659609715
2026-01-26 00:00:00+00:00,0.0001103609174606
2026-01-27 00:00:00+00:00,8.295587394966807e-05
2026-01-28 00:00:00+00:00,5.55508304387241e-05
2026-01-29 00:00:00+00:00,2.8145786927780136e-05
2026-01-30 00:00:00+00:00,6.430685607482009e-05
2026-01-31 00:00:00+00:00,0.0001004679252218
2026-02-01 00:00:00+00:00,0.0001366289943689
2026-02-02 00:00:00+00:00,0.0001268698943021
2026-02-03 00:00:00+00:00,0.0001171107942354
2026-02-04 00:00:00+00:00,0.0001099048022297
2026-02-05 00:00:00+00:00,0.0001491701732447
2026-02-06 00:00:00+00:00,0.0001884355442598
2026-02-07 00:00:00+00:00,0.000177255666737
2026-02-08 00:00:00+00:00,0.0001660757892143
2026-02-09 00:00:00+00:00,0.0001548959116916
2026-02-10 00:00:00+00:00,0.0001437160341689
2026-02-11 00:00:00+00:00,0.0001325361566462
2026-02-12 00:00:00+00:00,0.0001213562791235
2026-02-13 00:00:00+00:00,0.0001101764016008
2026-02-14 00:00:00+00:00,9.899652407814546e-05
2026-02-15 00:00:00+00:00,8.781664655543864e-05
2026-02-16 00:00:00+00:00,8.948363150314205e-05
2026-02-17 00:00:00+00:00,9.115061645084544e-05
2026-02-18 00:00:00+00:00,9.281760139854888e-05
2026-02-19 00:00:00+00:00,9.448458634625228e-05
2026-02-20 00:00:00+00:00,9.615157129395569e-05
2026-02-21 00:00:00+00:00,9.781855624165907e-05
2026-02-22 00:00:00+00:00,9.94855411893625e-05
2026-02-23 00:00:00+00:00,0.000101152526137
2026-02-24 00:00:00+00:00,0.0001028195110847
2026-02-25 00:00:00+00:00,0.0001044864960324
2026-02-26 00:00:00+00:00,0.0001061534809801
2026-02-27 00:00:00+00:00,0.0001078204659278
2026-02-28 00:00:00+00:00,0.0001094874508755
2026-03-01 00:00:00+00:00,0.0001111544358232
2026-03-02 00:00:00+00:00,0.0001128214207709
2026-03-03 00:00:00+00:00,0.0001144884057186
2026-03-04 00:00:00+00:00,0.0001161553906663
2026-03-05 00:00:00+00:00,0.0001178223756141
2026-03-06 00:00:00+00:00,0.0001518457283963
2026-03-07 00:00:00+00:00,0.0001858690811786
2026-03-08 00:00:00+00:00,9.552118717692792e-05
2026-03-09 00:00:00+00:00,8.847947174217552e-05
2026-03-10 00:00:00+00:00,8.143775630742311e-05
2026-03-11 00:00:00+00:00,7.439604087267071e-05
2026-03-12 00:00:00+00:00,6.73543254379183e-05
2026-03-13 00:00:00+00:00,6.03126100031659e-05
2026-03-14 00:00:00+00:00,8.284055365948007e-05
2026-03-15 00:00:00+00:00,0.0001535433984827
2026-03-16 00:00:00+00:00,0.0003572485875338
2026-03-17 00:00:00+00:00,0.0005609537765849
2026-03-18 00:00:00+00:00,0.000764658965636
2026-03-19 00:00:00+00:00,0.0006230583916476
2026-03-20 00:00:00+00:00,0.0004814578176592
2026-03-21 00:00:00+00:00,0.0003398572436708
2026-03-22 00:00:00+00:00,0.0001982566696824
2026-03-23 00:00:00+00:00,5.6656095694052055e-05
2026-03-24 00:00:00+00:00,0.0001613838485354
2026-03-25 00:00:00+00:00,0.0002661116013769
2026-03-26 00:00:00+00:00,0.0002306462993146
2026-03-27 00:00:00+00:00,0.0001951809972524
2026-03-28 00:00:00+00:00,0.0003124510549241
2026-03-29 00:00:00+00:00,0.0004297211125958
2026-03-30 00:00:00+00:00,0.0003057440990232
2026-03-31 00:00:00+00:00,0.0001817670854506
2026-04-01 00:00:00+00:00,5.779007187811658e-05
2026-04-02 00:00:00+00:00,0.0002081899147015
2026-04-03 00:00:00+00:00,3.6006436857860535e-05
2026-04-04 00:00:00+00:00,8.987992987383026e-05
2026-04-05 00:00:00+00:00,0.0001437534228898
2026-04-06 00:00:00+00:00,0.0002229403471573
2026-04-07 00:00:00+00:00,0.0003021272714249
2026-04-08 00:00:00+00:00,0.0003369454861967
2026-04-09 00:00:00+00:00,0.0003717637009685
2026-04-10 00:00:00+00:00,0.0004065819157403
2026-04-11 00:00:00+00:00,0.0004414001305121
2026-04-12 00:00:00+00:00,0.000344733998645
2026-04-13 00:00:00+00:00,0.000609680195339
2026-04-14 00:00:00+00:00,0.000147888509673
2026-04-15 00:00:00+00:00,0.0004265906754881
2026-04-16 00:00:00+00:00,0.0001410162367392
2026-04-17 00:00:00+00:00,9.944359044311568e-05
2026-04-18 00:00:00+00:00,0.000280125736026
2026-04-19 00:00:00+00:00,6.593691068701446e-05
2026-04-20 00:00:00+00:00,0.000432914996054
2026-04-21 00:00:00+00:00,0.0004408305176184
2026-04-22 00:00:00+00:00,0.0004487460391828
2026-04-23 00:00:00+00:00,0.0004566615607472
2026-04-24 00:00:00+00:00,0.0004645770823117
2026-04-25 00:00:00+00:00,0.0002616791516629
2026-04-26 00:00:00+00:00,5.878122101421468e-05
2026-04-27 00:00:00+00:00,8.880899804352321e-05
2026-04-28 00:00:00+00:00,0.0001188367750728
2026-04-29 00:00:00+00:00,0.0001488645521021
2026-04-30 00:00:00+00:00,0.0001788923291314
2026-05-01 00:00:00+00:00,0.0002089201061607
2026-05-02 00:00:00+00:00,0.00023894788319
2026-05-03 00:00:00+00:00,0.0002689756602193
2026-05-04 00:00:00+00:00,0.0002990034372486
2026-05-05 00:00:00+00:00,0.0003290312142779
2026-05-06 00:00:00+00:00,0.0003590589913073
2026-05-07 00:00:00+00:00,0.0001352660765405
2026-05-08 00:00:00+00:00,0.0001697660045465
2026-05-09 00:00:00+00:00,0.0005505644367076
2026-05-10 00:00:00+00:00,0.0001493696327088
2026-05-11 00:00:00+00:00,0.0002155210459022
2026-05-12 00:00:00+00:00,0.0002816724590957
2026-05-13 00:00:00+00:00,0.00048881029943
2026-05-14 00:00:00+00:00,0.0006959481397643
2026-05-15 00:00:00+00:00,0.0006510824314318
2026-05-16 00:00:00+00:00,0.0006062167230993
2026-05-17 00:00:00+00:00,0.0005613510147668
2026-05-18 00:00:00+00:00,0.0005164853064343
2026-05-19 00:00:00+00:00,0.0004716195981018
2026-05-20 00:00:00+00:00,0.0004441465037719
2026-05-21 00:00:00+00:00,0.000416673409442
2026-05-22 00:00:00+00:00,0.0003892003151122
2026-05-23 00:00:00+00:00,0.0002412352259852
2026-05-24 00:00:00+00:00,9.327013685833664e-05
2026-05-25 00:00:00+00:00,0.0001720110522
2026-05-26 00:00:00+00:00,0.0002507519675418
2026-05-27 00:00:00+00:00,0.0002329574829975
2026-05-28 00:00:00+00:00,0.0002151629984533
2026-05-29 00:00:00+00:00,0.0001973685139091
2026-05-30 00:00:00+00:00,0.0002022358045602
2026-05-31 00:00:00+00:00,0.0002071030952113
2026-06-01 00:00:00+00:00,0.0002119703858625
2026-06-02 00:00:00+00:00,0.0001538375327072
2026-06-03 00:00:00+00:00,9.570467955199525e-05
2026-06-04 00:00:00+00:00,3.757182639674284e-05
2026-06-05 00:00:00+00:00,0.0001656628764976
2026-06-06 00:00:00+00:00,0.0002937539265985
2026-06-07 00:00:00+00:00,0.0004218449766994
2026-06-08 00:00:00+00:00,0.0005499360268004
2026-06-09 00:00:00+00:00,0.0005446194166627
2026-06-10 00:00:00+00:00,0.0005393028065251
2026-06-11 00:00:00+00:00,0.0005339861963875
2026-06-12 00:00:00+00:00,0.0004098157223779
2026-06-13 00:00:00+00:00,0.0002856452483683
2026-06-14 00:00:00+00:00,0.000335578166414
2026-06-15 00:00:00+00:00,0.0003855110844597
2026-06-16 00:00:00+00:00,0.000463030184619
2026-06-17 00:00:00+00:00,0.0005405492847785
2026-06-18 00:00:00+00:00,0.0006180683849379
2026-06-19 00:00:00+00:00,0.0006955874850973
2026-06-20 00:00:00+00:00,0.0001190855473396
2026-06-21 00:00:00+00:00,0.0001170974937848
2026-06-22 00:00:00+00:00,0.0001151094402302
2026-06-23 00:00:00+00:00,0.0005054553039371
2026-06-24 00:00:00+00:00,3.1169577141554328e-06
2026-06-25 00:00:00+00:00,0.0002346976667695
2026-06-26 00:00:00+00:00,0.0004662783758249
2026-06-27 00:00:00+00:00,0.000128342246171
2026-06-28 00:00:00+00:00,0.000128988554934
2026-06-29 00:00:00+00:00,0.0004545804695226
2026-06-30 00:00:00+00:00,0.0004150295280851
2026-07-01 00:00:00+00:00,0.0003371530037838
2026-07-02 00:00:00+00:00,0.0002592764794826
2026-07-03 00:00:00+00:00,0.0002304595982422
2026-07-04 00:00:00+00:00,0.0002016427170019
2026-07-05 00:00:00+00:00,0.0001728258357616
2026-07-06 00:00:00+00:00,0.0001999125718915
2026-07-07 00:00:00+00:00,0.0002269993080214
2026-07-08 00:00:00+00:00,0.0002540860441513
2026-07-09 00:00:00+00:00,0.0004469153063837
2026-07-10 00:00:00+00:00,2.482132003933657e-05
2026-07-11 00:00:00+00:00,9.826582512079104e-05
2026-07-12 00:00:00+00:00,0.0001717103302022
2026-07-13 00:00:00+00:00,0.0002451548352837
2026-07-14 00:00:00+00:00,0.0001600557225173
2026-07-15 00:00:00+00:00,7.495660975109786e-05
2026-07-16 00:00:00+00:00,7.365305403557916e-05
2026-07-17 00:00:00+00:00,7.234949832006048e-05
2026-07-18 00:00:00+00:00,7.104594260454178e-05
2026-07-19 00:00:00+00:00,0.0003274350019637
2026-07-20 00:00:00+00:00,0.0002063738102151
2026-07-21 00:00:00+00:00,8.53126184665598e-05
2026-07-22 00:00:00+00:00,0.0001249759710238
2026-07-23 00:00:00+00:00,0.0001646393235811
2026-07-24 00:00:00+00:00,0.0002043026761384
2026-07-25 00:00:00+00:00,2.719886106206104e-05
2026-07-26 00:00:00+00:00,5.205615016164883e-05
2026-07-27 00:00:00+00:00,7.691343926123662e-05
2026-07-28 00:00:00+00:00,0.0001017707283608
2026-07-29 00:00:00+00:00,0.0001266280174604
2026-07-30 00:00:00+00:00,0.00015148530656
2026-07-31 00:00:00+00:00,0.0003127248201053
2026-08-01 00:00:00+00:00,0.0002450783140374
2026-08-02 00:00:00+00:00,0.0001774318079696
2026-08-03 00:00:00+00:00,0.0001727908311294
2026-08-04 00:00:00+00:00,0.0001681498542893
2026-08-05 00:00:00+00:00,0.0002402175741735
2026-08-06 00:00:00+00:00,0.0004679838311858
2026-08-07 00:00:00+00:00,0.000328163994709
2026-08-08 00:00:00+00:00,0.0001952595303009
2026-08-09 00:00:00+00:00,6.235506589291617e-05
2026-08-10 00:00:00+00:00,2.686098014237359e-05
2026-08-11 00:00:00+00:00,0.0007685635937377
2026-08-12 00:00:00+00:00,0.0002677010779734
2026-08-13 00:00:00+00:00,2.4133798433467742e-05
2026-08-14 00:00:00+00:00,4.405168632122998e-05
2026-08-15 00:00:00+00:00,6.396957420899221e-05
2026-08-16 00:00:00+00:00,8.388746209675446e-05
2026-08-17 00:00:00+00:00,0.0003198332560714
2026-08-18 00:00:00+00:00,0.0003400277346372
2026-08-19 00:00:00+00:00,0.000360222213203
2026-08-20 00:00:00+00:00,0.0003647303771382
2026-08-21 00:00:00+00:00,0.0003692385410734
2026-08-22 00:00:00+00:00,0.0003737467050086
2026-08-23 00:00:00+00:00,0.0003782548689438
2026-08-24 00:00:00+00:00,0.0003827630328789
2026-08-25 00:00:00+00:00,0.0003872711968142
2026-08-26 00:00:00+00:00,0.0002901095722336
2026-08-27 00:00:00+00:00,0.000192947947653
2026-08-28 00:00:00+00:00,3.649188147392124e-05
2026-08-29 00:00:00+00:00,0.0004250034398864
2026-08-30 00:00:00+00:00,0.0004208760801702
2026-08-31 00:00:00+00:00,0.000416748720454
