date,CO,NO2,SO2
2025-08-31 00:00:00+00:00,0.0238432772457599,2.767177647911012e-05,6.158768519526348e-05
2025-09-01 00:00:00+00:00,0.0238432772457599,3.92137881135568e-05,6.158768519526348e-05
2025-09-02 00:00:00+00:00,0.0232973955571651,3.37095043505542e-05,6.158768519526348e-05
2025-09-03 00:00:00+00:00,0.0227515138685703,3.293198096798733e-05,6.158768519526348e-05
2025-09-04 00:00:00+00:00,0.027560593560338,5.202908141654916e-05,0.0001125250782934
2025-09-05 00:00:00+00:00,0.0285383593291044,6.891793600516394e-05,0.00037909770981055
2025-09-06 00:00:00+00:00,0.0295161250978708,6.0978960391366854e-05,0.0006456703413277
2025-09-07 00:00:00+00:00,0.0377523750066757,5.303998477756977e-05,0.0002631344541441
2025-09-08 00:00:00+00:00,0.035957986488938304,4.8377626323296376e-05,0.00025818221911316
2025-09-09 00:00:00+00:00,0.0341635979712009,4.371526786902299e-05,0.00025322998408222
2025-09-10 00:00:00+00:00,0.026306863874197,3.905290941474959e-05,0.00024827774905127997
2025-09-11 00:00:00+00:00,0.0289563555270433,4.08753621741198e-05,0.00024332551402033998
2025-09-12 00:00:00+00:00,0.0316058471798896,5.366337063605897e-05,0.0002383732789894
2025-09-13 00:00:00+00:00,0.0282020680606365,3.523781560943462e-05,0.0002397828793618
2025-09-14 00:00:00+00:00,0.0298352017998695,4.997681753593497e-05,0.00028676262809305
2025-09-15 00:00:00+00:00,0.0314683355391025,3.412335354369134e-05,0.0003337423768243
2025-09-16 00:00:00+00:00,0.0310414318616191,6.477563874796033e-05,0.00038072212555555
2025-09-17 00:00:00+00:00,0.030614528184135698,5.850571833434515e-05,0.0004277018742868
2025-09-18 00:00:00+00:00,0.0301876245066523,5.223579792072997e-05,0.00047468162301805
2025-09-19 00:00:00+00:00,0.0297607208291689,4.596587750711478e-05,0.0005216613717492999
2025-09-20 00:00:00+00:00,0.0293338171516855,3.96959570934996e-05,0.00056864112048055
2025-09-21 00:00:00+00:00,0.0289069134742021,3.342603667988442e-05,0.0006156208692118
2025-09-22 00:00:00+00:00,0.0308638792484998,5.270643305266276e-05,0.0007960093789733
2025-09-23 00:00:00+00:00,0.0355609022080898,4.884442993594954e-05,0.0007232462396910856
2025-09-24 00:00:00+00:00,0.031890180893242304,4.498242681923633e-05,0.0006504831004088714
2025-09-25 00:00:00+00:00,0.0282194595783948,4.112042370252311e-05,0.0005777199611266571
2025-09-26 00:00:00+00:00,0.0329745300114154,2.375332041992806e-05,0.0005049568218444427
2025-09-27 00:00:00+00:00,0.0316052883863449,2.7487389161251485e-05,0.0004321936825622285
2025-09-28 00:00:00+00:00,0.0318709202110767,2.3042857719701715e-05,0.00035943054328001423
2025-09-29 00:00:00+00:00,0.0291950590908527,4.39012874267064e-05,0.0002866674039978
2025-09-30 00:00:00+00:00,0.029547269145647634,5.545523890759796e-05,0.0004444420919753
2025-10-01 00:00:00+00:00,0.029899479200442565,6.700919038848951e-05,0.0006022167799528001
2025-10-02 00:00:00+00:00,0.0302516892552375,7.856314186938107e-05,0.0007599914679303
2025-10-03 00:00:00+00:00,0.0313222408294677,6.494261833722703e-05,0.0006662172433736571
2025-10-04 00:00:00+00:00,0.0319835394620895,5.132209480507299e-05,0.0005724430188170143
2025-10-05 00:00:00+00:00,0.035059105604887,3.956555519835092e-05,0.0004786687942603714
2025-10-06 00:00:00+00:00,0.0282864104956388,5.600306030828506e-05,0.0003848945697037286
2025-10-07 00:00:00+00:00,0.028318140655755948,3.713519618031569e-05,0.0002911203451470857
2025-10-08 00:00:00+00:00,0.0283498708158731,5.0881144488812424e-05,0.00019734612059044284
2025-10-09 00:00:00+00:00,0.031025574542582,6.462709279730916e-05,0.0001035718960338
2025-10-10 00:00:00+00:00,0.0337012782692909,7.237493264256045e-05,0.0001788560330169
2025-10-11 00:00:00+00:00,0.0310561098158359,3.7436180718941614e-05,0.0002106218016706
2025-10-12 00:00:00+00:00,0.0284163001924753,1.396327388647478e-05,0.00017481270333515
2025-10-13 00:00:00+00:00,0.02937071211636065,1.3833067896484865e-05,0.0001390036049997
2025-10-14 00:00:00+00:00,0.030325124040246,4.8296711611328647e-05,6.743572885170579e-05
2025-10-15 00:00:00+00:00,0.0272087976336479,5.369638165575452e-05,0.0001938105560839029
2025-10-16 00:00:00+00:00,0.033907264471054,4.584953057928942e-05,0.0003201853833161
2025-10-17 00:00:00+00:00,0.0301293693482875,4.0223560063168406e-05,0.0002800001529976333
2025-10-18 00:00:00+00:00,0.0325811076909303,6.625742116739275e-06,0.00023981492267916666
2025-10-19 00:00:00+00:00,0.0350328460335731,2.1011869648646098e-05,0.0001996296923607
2025-10-20 00:00:00+00:00,0.034683085445846785,3.539799718055292e-05,0.00018799821918939999
2025-10-21 00:00:00+00:00,0.034333324858120476,4.978412471245974e-05,0.0001763667460181
2025-10-22 00:00:00+00:00,0.03398356427039416,5.874574708286673e-05,0.0001647352728468
2025-10-23 00:00:00+00:00,0.03363380368266784,6.770736945327371e-05,0.0001531037996755
2025-10-24 00:00:00+00:00,0.033284043094941526,6.723138018666456e-05,0.00010814793555855408
2025-10-25 00:00:00+00:00,0.032934282507215216,6.675539092005541e-05,6.319207144160816e-05
2025-10-26 00:00:00+00:00,0.0325845219194889,6.627940165344625e-05,1.823620732466225e-05
2025-10-27 00:00:00+00:00,0.0323500209911303,6.58034123868371e-05,2.8702364612729315e-05
2025-10-28 00:00:00+00:00,0.0321155200627717,6.532742312022795e-05,3.9168521900796385e-05
2025-10-29 00:00:00+00:00,0.0318810191344131,6.48514338536188e-05,4.9634679188863455e-05
2025-10-30 00:00:00+00:00,0.0316465182060545,6.437544458700964e-05,6.0100836476930525e-05
2025-10-31 00:00:00+00:00,0.0314120172776959,6.38994553204005e-05,7.056699376499758e-05
2025-11-01 00:00:00+00:00,0.0311775163493373,6.342346605379135e-05,8.103315105306465e-05
2025-11-02 00:00:00+00:00,0.0309430154209787,6.29474767871822e-05,9.149930834113172e-05
2025-11-03 00:00:00+00:00,0.0307085144926201,6.247148752057304e-05,0.00010196546562919879
2025-11-04 00:00:00+00:00,0.0304740135642615,6.199549825396389e-05,0.00011243162291726586
2025-11-05 00:00:00+00:00,0.0302395126359029,6.151950898735474e-05,0.00012289778020533292
2025-11-06 00:00:00+00:00,0.0300050117075443,6.104351972074558e-05,0.0001333639374934
2025-11-07 00:00:00+00:00,0.0235694348812103,6.056753045413643e-05,0.0004740879521705
2025-11-08 00:00:00+00:00,0.023904054860273968,6.166583746865702e-05,0.0004646595122969727
2025-11-09 00:00:00+00:00,0.024238674839337632,6.276414448317762e-05,0.00045523107242344545
2025-11-10 00:00:00+00:00,0.0245732948184013,6.38624514976982e-05,0.0004458026325499182
2025-11-11 00:00:00+00:00,0.024907914797464965,6.496075851221879e-05,0.0004363741926763909
2025-11-12 00:00:00+00:00,0.025242534776528634,6.605906552673939e-05,0.00042694575280286364
2025-11-13 00:00:00+00:00,0.0255771547555923,6.715737254125997e-05,0.00041751731292933637
2025-11-14 00:00:00+00:00,0.025911774734655967,6.825567955578056e-05,0.0004080888730558091
2025-11-15 00:00:00+00:00,0.02624639471371963,6.935398657030116e-05,0.00039866043318228183
2025-11-16 00:00:00+00:00,0.0265810146927833,7.045229358482175e-05,0.00038923199330875456
2025-11-17 00:00:00+00:00,0.026915634671846964,7.155060059934233e-05,0.0003798035534352273
2025-11-18 00:00:00+00:00,0.027250254650910632,7.264890761386293e-05,0.0003703751135617
2025-11-19 00:00:00+00:00,0.027584874629974297,7.374721462838352e-05,0.000381362253392525
2025-11-20 00:00:00+00:00,0.027919494609037965,7.48455216429041e-05,0.00039234939322335
2025-11-21 00:00:00+00:00,0.02825411458810163,7.59438286574247e-05,0.00040333653305417503
2025-11-22 00:00:00+00:00,0.0285887345671653,7.704213567194529e-05,0.000414323672885
2025-11-23 00:00:00+00:00,0.029502292474110865,7.814044268646587e-05,0.00039151476415670913
2025-11-24 00:00:00+00:00,0.030415850381056434,7.923874970098647e-05,0.0003687058554284182
2025-11-25 00:00:00+00:00,0.031329408288002,8.033705671550706e-05,0.0003458969467001273
2025-11-26 00:00:00+00:00,0.0300666615366935,8.121859355014749e-05,0.0003230880379718364
2025-11-27 00:00:00+00:00,0.030571053735911798,8.210013038478792e-05,0.0003002791292435455
2025-11-28 00:00:00+00:00,0.0310754459351301,8.298166721942835e-05,0.0002774702205152546
2025-11-29 00:00:00+00:00,0.0289344079792499,8.386320405406877e-05,0.00025466131178696364
2025-11-30 00:00:00+00:00,0.028815398458391376,8.47447408887092e-05,0.00023185240305867276
2025-12-01 00:00:00+00:00,0.02869638893753285,8.562627772334963e-05,0.00020904349433038187
2025-12-02 00:00:00+00:00,0.028577379416674327,8.650781455799006e-05,0.00018623458560209095
2025-12-03 00:00:00+00:00,0.0284583698958158,8.738935139263049e-05,0.0001634256768738
2025-12-04 00:00:00+00:00,0.030630521010607425,8.827088822727092e-05,0.00035498200304565
2025-12-05 00:00:00+00:00,0.03280267212539905,8.915242506191134e-05,0.0005465383292175
2025-12-06 00:00:00+00:00,0.034974823240190675,8.358675404451787e-05,0.0002853932892321194
2025-12-07 00:00:00+00:00,0.0371469743549823,7.80210830271244e-05,2.424824924673885e-05
2025-12-08 00:00:00+00:00,0.0274866968393325,7.245541200973094e-05,6.006117837385414e-05
2025-12-09 00:00:00+00:00,0.031507924199104254,6.688974099233747e-05,9.587410750096943e-05
2025-12-10 00:00:00+00:00,0.035529151558876,6.1324069974944e-05,0.00013168703662808472
2025-12-11 00:00:00+00:00,0.033887878060340854,5.5758398957550526e-05,0.0001674999657552
2025-12-12 00:00:00+00:00,0.0322466045618057,5.0192727940157056e-05,0.00013002322521057257
2025-12-13 00:00:00+00:00,0.0333744287490844,6.295201455941424e-05,9.254648466594516e-05
2025-12-14 00:00:00+00:00,0.03070575371384615,6.180385935294908e-05,0.00016608600708422255
2025-12-15 00:00:00+00:00,0.0280370786786079,6.065570414648391e-05,0.0002396255295025
2025-12-16 00:00:00+00:00,0.0281569026410579,6.107028275437187e-05,0.00016559853975194513
2025-12-17 00:00:00+00:00,0.0282767266035079,6.148486136225984e-05,9.157155000139028e-05
2025-12-18 00:00:00+00:00,0.026993294712155974,5.887193765374832e-05,7.483710051019443e-05
2025-12-19 00:00:00+00:00,0.02570986282080405,5.62590139452368e-05,5.8102651018998584e-05
2025-12-20 00:00:00+00:00,0.024426430929452125,5.3646090236725286e-05,4.136820152780274e-05
2025-12-21 00:00:00+00:00,0.0231429990381002,5.103316652821377e-05,2.463375203660689e-05
2025-12-22 00:00:00+00:00,0.02629772759974,4.842024281970225e-05,7.899302545411047e-06
2025-12-23 00:00:00+00:00,0.0274660636981328,4.777199699839746e-05,9.535222203079519e-05
2025-12-24 00:00:00+00:00,0.0286343997965256,4.712375117709268e-05,0.00018280514151617933
2025-12-25 00:00:00+00:00,0.0298027358949184,4.647550535578789e-05,0.00027025806100156345
2025-12-26 00:00:00+00:00,0.029758280143141698,4.58272595344831e-05,0.0003577109804869476
2025-12-27 00:00:00+00:00,0.029713824391365,4.517901371317831e-05,0.00044516389997233173
2025-12-28 00:00:00+00:00,0.0296693686395883,4.453076789187352e-05,0.0005326168194577158
2025-12-29 00:00:00+00:00,0.0296249128878116,4.388252207056873e-05,0.0006200697389431
2025-12-30 00:00:00+00:00,0.029774862527847237,4.323427624926394e-05,0.0004947971228829999
2025-12-31 00:00:00+00:00,0.02992481216788288,4.258603042795916e-05,0.0003695245068229
2026-01-01 00:00:00+00:00,0.03007476180791852,4.193778460665437e-05,0.0002442518907628
2026-01-02 00:00:00+00:00,0.03022471144795416,4.128953878534958e-05,0.0001189792747027
2026-01-03 00:00:00+00:00,0.0303746610879898,4.6219386907372005e-05,0.00018953469043475
2026-01-04 00:00:00+00:00,0.0297443989664316,5.114923502939443e-05,0.0002600901061668
2026-01-05 00:00:00+00:00,0.0291141368448734,5.607908315141685e-05,0.0002588068964541
2026-01-06 00:00:00+00:00,0.028483874723315202,6.100893127343928e-05,0.00025752368674140003
2026-01-07 00:00:00+00:00,0.027853612601757,6.593877939546171e-05,0.0002562404770287
2026-01-08 00:00:00+00:00,0.0272233504801988,7.086862751748413e-05,0.000254957267316
2026-01-09 00:00:00+00:00,0.028210375458002,4.6215864131227136e-05,0.00024934562588890623
2026-01-10 00:00:00+00:00,0.02740277126431456,4.58835424069548e-05,0.0002437339844618125
2026-01-11 00:00:00+00:00,0.026595167070627118,4.555122068268247e-05,0.00023812234303471875
2026-01-12 00:00:00+00:00,0.02578756287693968,4.521889895841014e-05,0.000232510701607625
2026-01-13 00:00:00+00:00,0.02497995868325224,4.4886577234137805e-05,0.00022689906018053124
2026-01-14 00:00:00+00:00,0.0241723544895648,4.455425550986547e-05,0.0002212874187534375
2026-01-15 00:00:00+00:00,0.02496122494339934,4.4221933785593136e-05,0.00021567577732634375
2026-01-16 00:00:00+00:00,0.02575009539723388,4.38896120613208e-05,0.00021006413589925
2026-01-17 00:00:00+00:00,0.026538965851068422,4.3557290337048474e-05,0.00020445249447215624
2026-01-18 00:00:00+00:00,0.02732783630490296,4.322496861277614e-05,0.0001988408530450625
2026-01-19 00:00:00+00:00,0.0281167067587375,4.2892646888503805e-05,0.00019322921161796876
2026-01-20 00:00:00+00:00,0.0267923362553119,4.277224943507463e-05,0.000187617570190875
2026-01-21 00:00:00+00:00,0.0254679657518863,4.265185198164545e-05,0.00018200592876378125
2026-01-22 00:00:00+00:00,0.0264873454968134,4.253145452821627e-05,0.0001763942873366875
2026-01-23 00:00:00+00:00,0.0275067252417405,4.2411057074787094e-05,0.00017078264590959373
2026-01-24 00:00:00+00:00,0.0285261049866676,4.229065962135792e-05,0.0001651710044825
2026-01-25 00:00:00+00:00,0.030040514469146698,4.638333048205823e-05,0.00013776596097155603
2026-01-26 00:00:00+00:00,0.0315549239516258,5.0476001342758535e-05,0.00011036091746061205
2026-01-27 00:00:00+00:00,0.033069333434104904,5.456867220345885e-05,8.295587394966807e-05
2026-01-28 00:00:00+00:00,0.034583742916584004,5.866134306415915e-05,5.55508304387241e-05
2026-01-29 00:00:00+00:00,0.0360981523990631,6.275401392485946e-05,2.8145786927780136e-05
2026-01-30 00:00:00+00:00,0.0336441472172737,5.632615648210049e-05,6.430685607482009e-05
2026-01-31 00:00:00+00:00,0.0338620580732822,4.989829903934151e-05,0.00010046792522186005
2026-02-01 00:00:00+00:00,0.032236029704411764,4.7489390757012494e-05,0.0001366289943689
2026-02-02 00:00:00+00:00,0.030610001335541332,4.508048247468347e-05,0.00012686989430215002
2026-02-03 00:00:00+00:00,0.0289839729666709,4.2671574192354456e-05,0.0001171107942354
2026-02-04 00:00:00+00:00,0.0286294948309659,5.683637937181629e-05,0.0001099048022297
2026-02-05 00:00:00+00:00,0.0294442977756261,5.520846554480324e-05,0.00014917017324475
2026-02-06 00:00:00+00:00,0.0302591007202863,5.358055171779018e-05,0.0001884355442598
2026-02-07 00:00:00+00:00,0.0287156950682401,5.1952637890777126e-05,0.00017725566673709318
2026-02-08 00:00:00+00:00,0.0271722894161939,5.032472406376407e-05,0.00016607578921438637
2026-02-09 00:00:00+00:00,0.0256288837641477,4.869681023675102e-05,0.00015489591169167953
2026-02-10 00:00:00+00:00,0.0240854781121015,4.706889640973796e-05,0.00014371603416897272
2026-02-11 00:00:00+00:00,0.0225420724600553,4.5440982582724907e-05,0.0001325361566462659
2026-02-12 00:00:00+00:00,0.02361334425707653,4.381306875571185e-05,0.00012135627912355909
2026-02-13 00:00:00+00:00,0.024684616054097767,4.2185154928698793e-05,0.00011017640160085227
2026-02-14 00:00:00+00:00,0.025755887851119,4.055724110168575e-05,9.899652407814546e-05
2026-02-15 00:00:00+00:00,0.0305250342935323,3.892932727467269e-05,8.781664655543864e-05
2026-02-16 00:00:00+00:00,0.0342748761177063,6.449561624322087e-05,8.948363150314205e-05
2026-02-17 00:00:00+00:00,0.0317574925720691,6.27980774548963e-05,9.115061645084545e-05
2026-02-18 00:00:00+00:00,0.03123070164160288,6.110053866657175e-05,9.281760139854887e-05
2026-02-19 00:00:00+00:00,0.03070391071113666,5.9402999878247186e-05,9.448458634625227e-05
2026-02-20 00:00:00+00:00,0.030177119780670444,5.770546108992262e-05,9.615157129395569e-05
2026-02-21 00:00:00+00:00,0.029650328850204227,5.6007922301598064e-05,9.781855624165909e-05
2026-02-22 00:00:00+00:00,0.02912353791973801,5.43103835132735e-05,9.94855411893625e-05
2026-02-23 00:00:00+00:00,0.02859674698927179,5.261284472494894e-05,0.0001011525261370659
2026-02-24 00:00:00+00:00,0.02806995605880557,5.091530593662438e-05,0.00010281951108476932
2026-02-25 00:00:00+00:00,0.027543165128339354,4.921776714829982e-05,0.00010448649603247273
2026-02-26 00:00:00+00:00,0.027016374197873137,4.752022835997526e-05,0.00010615348098017614
2026-02-27 00:00:00+00:00,0.026489583267406917,4.58226895716507e-05,0.00010782046592787954
2026-02-28 00:00:00+00:00,0.0259627923369407,4.752262175315991e-05,0.00010948745087558295
2026-03-01 00:00:00+00:00,0.0260037002153694,4.922255393466912e-05,0.00011115443582328637
2026-03-02 00:00:00+00:00,0.026044608093798098,5.0922486116178335e-05,0.00011282142077098977
2026-03-03 00:00:00+00:00,0.0260855159722268,5.262241829768754e-05,0.00011448840571869319
2026-03-04 00:00:00+00:00,0.0261264238506555,5.432235047919676e-05,0.00011615539066639659
2026-03-05 00:00:00+00:00,0.0251957420259714,5.1509573950170306e-05,0.0001178223756141
2026-03-06 00:00:00+00:00,0.026043729235728567,4.8696797421143856e-05,0.00015184572839635
2026-03-07 00:00:00+00:00,0.02689171644548573,4.5884020892117405e-05,0.0001858690811786
2026-03-08 00:00:00+00:00,0.0277397036552429,4.3071244363090955e-05,9.552118717692792e-05
2026-03-09 00:00:00+00:00,0.0298124253749847,4.0258467834064504e-05,8.847947174217552e-05
2026-03-10 00:00:00+00:00,0.0332054607570171,3.7445691305038054e-05,8.143775630742311e-05
2026-03-11 00:00:00+00:00,0.0296436203643679,3.46329147760116e-05,7.439604087267071e-05
2026-03-12 00:00:00+00:00,0.0260817799717187,3.182013824698515e-05,6.73543254379183e-05
2026-03-13 00:00:00+00:00,0.0288707157596945,4.682683720602654e-05,6.03126100031659e-05
2026-03-14 00:00:00+00:00,0.0316596515476703,3.9258604374481365e-05,8.284055365948007e-05
2026-03-15 00:00:00+00:00,0.03088198043406,4.204550714348443e-05,0.0001535433984827
2026-03-16 00:00:00+00:00,0.0286456868052482,6.919403676874936e-05,0.0003572485875338
2026-03-17 00:00:00+00:00,0.0296061178669333,6.668052654796546e-05,0.0005609537765849
2026-03-18 00:00:00+00:00,0.0305665489286184,6.416701632718156e-05,0.000764658965636
2026-03-19 00:00:00+00:00,0.03070241361856458,6.165350610639768e-05,0.0006230583916476104
2026-03-20 00:00:00+00:00,0.03083827830851076,5.913999588561377e-05,0.0004814578176592208
2026-03-21 00:00:00+00:00,0.030974142998456942,5.662648566482988e-05,0.00033985724367083123
2026-03-22 00:00:00+00:00,0.03111000768840312,5.4112975444045984e-05,0.00019825666968244162
2026-03-23 00:00:00+00:00,0.0312458723783493,5.1599465223262087e-05,5.6656095694052055e-05
2026-03-24 00:00:00+00:00,0.030927506275475,5.774433338956442e-05,0.00016138384853547604
2026-03-25 00:00:00+00:00,0.0306091401726007,6.388920155586675e-05,0.0002661116013769
2026-03-26 00:00:00+00:00,0.0291377753019332,7.003406972216908e-05,0.00023064629931465
2026-03-27 00:00:00+00:00,0.0292889438569545,7.617893788847141e-05,0.0001951809972524
2026-03-28 00:00:00+00:00,0.030323918908834402,8.232380605477374e-05,0.00031245105492410004
2026-03-29 00:00:00+00:00,0.0313588939607143,8.846867422107607e-05,0.0004297211125958
2026-03-30 00:00:00+00:00,0.031011171018083834,6.596482732372048e-05,0.0003057440990232389
2026-03-31 00:00:00+00:00,0.030663448075453365,4.346098042636489e-05,0.00018176708545067773
2026-04-01 00:00:00+00:00,0.0303157251328229,2.0957133529009297e-05,5.779007187811658e-05
2026-04-02 00:00:00+00:00,0.0325087010860443,6.034941179677844e-05,0.0002081899147015
2026-04-03 00:00:00+00:00,0.0283179134130477,2.9943852496217005e-05,3.6006436857860535e-05
2026-04-04 00:00:00+00:00,0.02713666018098585,3.246313008276047e-05,8.987992987383026e-05
2026-04-05 00:00:00+00:00,0.025955406948924,3.498240766930394e-05,0.0001437534228898
2026-04-06 00:00:00+00:00,0.026943242177367165,5.458994382934179e-05,0.00022294034715735
2026-04-07 00:00:00+00:00,0.027931077405810332,7.419747998937964e-05,0.0003021272714249
2026-04-08 00:00:00+00:00,0.0289189126342535,6.231453880900517e-05,0.0003369454861967
2026-04-09 00:00:00+00:00,0.028639455325901498,5.895931899431162e-05,0.0003717637009685
2026-04-10 00:00:00+00:00,0.0283599980175495,5.560409917961806e-05,0.0004065819157403
2026-04-11 00:00:00+00:00,0.0280805407091975,5.224887936492451e-05,0.0004414001305121
2026-04-12 00:00:00+00:00,0.0278010834008455,4.889365955023095e-05,0.000344733998645
2026-04-13 00:00:00+00:00,0.0270617231726646,4.55384397355374e-05,0.000609680195339
2026-04-14 00:00:00+00:00,0.0244642328470945,3.8103622500784695e-05,0.000147888509673
2026-04-15 00:00:00+00:00,0.0256621614098548,6.198845949256793e-05,0.0004265906754881
2026-04-16 00:00:00+00:00,0.02739310357719655,6.382683204719797e-05,0.0001410162367392
2026-04-17 00:00:00+00:00,0.0291240457445383,4.413994975038804e-05,9.944359044311568e-05
2026-04-18 00:00:00+00:00,0.0312077868729829,8.548040204914287e-05,0.000280125736026
2026-04-19 00:00:00+00:00,0.03029556013643735,9.340037286162143e-05,6.593691068701446e-05
2026-04-20 00:00:00+00:00,0.0293833333998918,0.0001013203436741,0.000432914996054
2026-04-21 00:00:00+00:00,0.02962749116122718,9.159145192820392e-05,0.000440830517618425
2026-04-22 00:00:00+00:00,0.02987164892256256,8.186256018230784e-05,0.00044874603918285
2026-04-23 00:00:00+00:00,0.03011580668389794,7.213366843641177e-05,0.000456661560747275
2026-04-24 00:00:00+00:00,0.030359964445233322,6.240477669051569e-05,0.0004645770823117
2026-04-25 00:00:00+00:00,0.0306041222065687,5.267588494461961e-05,0.0002616791516629574
2026-04-26 00:00:00+00:00,0.0240767877548933,5.372176787609028e-05,5.878122101421468e-05
2026-04-27 00:00:00+00:00,0.024354748960052214,5.476765080756094e-05,8.880899804352321e-05
2026-04-28 00:00:00+00:00,0.024632710165211128,5.5813533739031605e-05,0.00011883677507283175
2026-04-29 00:00:00+00:00,0.024910671370370042,5.6859416670502265e-05,0.00014886455210214028
2026-04-30 00:00:00+00:00,0.025188632575528957,5.790529960197293e-05,0.00017889232913144881
2026-05-01 00:00:00+00:00,0.02546659378068787,5.895118253344359e-05,0.00020892010616075735
2026-05-02 00:00:00+00:00,0.025744554985846786,5.999706546491426e-05,0.00023894788319006588
2026-05-03 00:00:00+00:00,0.0260225161910057,6.104294839638492e-05,0.0002689756602193744
2026-05-04 00:00:00+00:00,0.024774244055151898,6.208883132785559e-05,0.00029900343724868295
2026-05-05 00:00:00+00:00,0.0235259719192981,8.108343899948522e-05,0.0003290312142779915
2026-05-06 00:00:00+00:00,0.0268451031297445,5.626359416055493e-05,0.0003590589913073
2026-05-07 00:00:00+00:00,0.0265797283500432,5.457193037727848e-05,0.0001352660765405
2026-05-08 00:00:00+00:00,0.0305007100105285,3.502898834994994e-05,0.0001697660045465
2026-05-09 00:00:00+00:00,0.0327010247856378,3.204239874321502e-05,0.0005505644367076
2026-05-10 00:00:00+00:00,0.0349013395607471,2.9055809136480093e-05,0.0001493696327088
2026-05-11 00:00:00+00:00,0.03224943329890563,4.847183299716562e-05,0.00021552104590225
2026-05-12 00:00:00+00:00,0.029597527037064166,6.86836865497753e-05,0.0002816724590957
2026-05-13 00:00:00+00:00,0.0269456207752227,6.718632357660681e-05,0.00048881029943
2026-05-14 00:00:00+00:00,0.024891884997487,7.024761725915596e-05,0.0006959481397643
2026-05-15 00:00:00+00:00,0.0300428159534931,5.812902600155212e-05,0.0006510824314318
2026-05-16 00:00:00+00:00,0.0282377619296312,5.417462428643679e-05,0.0006062167230993
2026-05-17 00:00:00+00:00,0.0308721028268337,5.022022257132145e-05,0.0005613510147668001
2026-05-18 00:00:00+00:00,0.0312474556267261,4.626582085620612e-05,0.0005164853064343
2026-05-19 00:00:00+00:00,0.0316228084266185,4.231141914109078e-05,0.0004716195981018
2026-05-20 00:00:00+00:00,0.0325221940875053,3.835701742597545e-05,0.0004441465037719333
2026-05-21 00:00:00+00:00,0.0223935842514038,3.440261571086012e-05,0.0004166734094420667
2026-05-22 00:00:00+00:00,0.027458444237709,3.738027189683635e-05,0.0003892003151122
2026-05-23 00:00:00+00:00,0.0325233042240142,4.035792808281258e-05,0.0002412352259852683
2026-05-24 00:00:00+00:00,0.0370013676583766,4.3335584268788804e-05,9.327013685833664e-05
2026-05-25 00:00:00+00:00,0.0316894352436065,4.6313240454765035e-05,0.00017201105220006834
2026-05-26 00:00:00+00:00,0.0359266027808189,4.9290896640741266e-05,0.0002507519675418
2026-05-27 00:00:00+00:00,0.0321972705423831,5.22685528267175e-05,0.00023295748299756666
2026-05-28 00:00:00+00:00,0.0272670593112707,5.524620901269373e-05,0.00021516299845333333
2026-05-29 00:00:00+00:00,0.0337637402117252,5.822386519866995e-05,0.0001973685139091
2026-05-30 00:00:00+00:00,0.0309543991461396,6.120152138464619e-05,0.00020223580456023334
2026-05-31 00:00:00+00:00,0.028145058080554,6.417917757062241e-05,0.00020710309521136666
2026-06-01 00:00:00+00:00,0.0289950836449861,4.611266194842756e-05,0.0002119703858625
2026-06-02 00:00:00+00:00,0.0318477861583232,6.584617221960798e-05,0.00015383753270724763
2026-06-03 00:00:00+00:00,0.033462468534708,8.55796824907884e-05,9.570467955199523e-05
2026-06-04 00:00:00+00:00,0.0314344651997089,4.614947465597652e-05,3.757182639674284e-05
2026-06-05 00:00:00+00:00,0.0289584994316101,5.893283741897904e-05,0.00016566287649765713
2026-06-06 00:00:00+00:00,0.0277110934257507,2.4300838049384765e-05,0.0002937539265985714
2026-06-07 00:00:00+00:00,0.027446936815977,4.3439242290332913e-05,0.0004218449766994857
2026-06-08 00:00:00+00:00,0.0287317931652069,6.957664299989119e-05,0.0005499360268004
2026-06-09 00:00:00+00:00,0.0253345873206853,4.79708869534079e-05,0.0005446194166627667
2026-06-10 00:00:00+00:00,0.0326184891164302,9.729497105581686e-05,0.0005393028065251333
2026-06-11 00:00:00+00:00,0.0322236567735672,7.691806968068704e-05,0.0005339861963875
2026-06-12 00:00:00+00:00,0.029599720612168298,5.938797221460845e-05,0.0004098157223779
2026-06-13 00:00:00+00:00,0.0269757844507694,4.1857874748529866e-05,0.0002856452483683
2026-06-14 00:00:00+00:00,0.0300766378641128,4.4240528950467706e-05,0.000335578166414
2026-06-15 00:00:00+00:00,0.0284558087587356,6.045600457582623e-05,0.0003855110844597
2026-06-16 00:00:00+00:00,0.0268349796533584,6.71944217174314e-05,0.00046303018461909997
2026-06-17 00:00:00+00:00,0.0281185898929834,6.378505349857733e-05,0.0005405492847785
2026-06-18 00:00:00+00:00,0.0307401530444622,6.997168384259567e-05,0.0006180683849379
2026-06-19 00:00:00+00:00,0.0290900059044361,7.58091191528365e-05,0.0006955874850973
2026-06-20 00:00:00+00:00,0.02996117435395715,3.527465378283523e-05,0.0001190855473396
2026-06-21 00:00:00+00:00,0.0308323428034782,4.39977811765857e-05,0.00011709749378489999
2026-06-22 00:00:00+00:00,0.029847802594304,3.293462214060128e-05,0.0001151094402302
2026-06-23 00:00:00+00:00,0.0318674966692924,4.656774763134308e-05,0.0005054553039371
2026-06-24 00:00:00+00:00,0.0277671124786138,6.0200873122084886e-05,3.1169577141554328e-06
2026-06-25 00:00:00+00:00,0.0245495047420263,3.289052619948052e-05,0.0002346976667695277
2026-06-26 00:00:00+00:00,0.0284182522445917,4.062769221491181e-05,0.0004662783758249
2026-06-27 00:00:00+00:00,0.0321354605257511,4.7397239541169256e-05,0.000128342246171
2026-06-28 00:00:00+00:00,0.0301962997764349,6.291086901910603e-05,0.000128988554934
2026-06-29 00:00:00+00:00,0.0269742403179407,7.306383486138657e-05,0.0004545804695226
2026-06-30 00:00:00+00:00,0.0273720026016235,6.977970042498782e-05,0.0004150295280851
2026-07-01 00:00:00+00:00,0.0322722382843494,7.153628394007683e-05,0.00033715300378385
2026-07-02 00:00:00+00:00,0.0294650178402662,7.447144162142649e-05,0.0002592764794826
2026-07-03 00:00:00+00:00,0.0289102606475353,8.118703408399597e-05,0.00023045959824226668
2026-07-04 00:00:00+00:00,0.0289380066096782,4.209311373415403e-05,0.00020164271700193334
2026-07-05 00:00:00+00:00,0.0304131191223859,3.749077222892083e-05,0.0001728258357616
2026-07-06 00:00:00+00:00,0.03175807092338795,3.83037950086873e-05,0.0001999125718915
2026-07-07 00:00:00+00:00,0.03310302272439,6.243763345992193e-05,0.00022699930802140003
2026-07-08 00:00:00+00:00,0.0363679304718971,7.194170757429674e-05,0.0002540860441513
2026-07-09 00:00:00+00:00,0.03310902696102855,8.909488678909838e-05,0.0004469153063837
2026-07-10 00:00:00+00:00,0.02985012345016,6.351082993205637e-05,2.482132003933657e-05
2026-07-11 00:00:00+00:00,0.03051642235368485,6.262403258006088e-05,9.826582512079104e-05
2026-07-12 00:00:00+00:00,0.0311827212572097,6.17372352280654e-05,0.0001717103302022455
2026-07-13 00:00:00+00:00,0.0359848551452159,5.2202751248842105e-05,0.0002451548352837
2026-07-14 00:00:00+00:00,0.0299800150096416,5.127058466314338e-05,0.00016005572251739892
2026-07-15 00:00:00+00:00,0.0239751748740673,4.857060048379935e-05,7.495660975109786e-05
2026-07-16 00:00:00+00:00,0.0287385936826467,3.728093724930659e-05,7.365305403557916e-05
2026-07-17 00:00:00+00:00,0.0283570569008588,5.1513339712983e-05,7.234949832006048e-05
2026-07-18 00:00:00+00:00,0.0293053518980741,5.749339470639825e-05,7.104594260454178e-05
2026-07-19 00:00:00+00:00,0.0314985066652298,4.815890497411601e-05,0.0003274350019637
2026-07-20 00:00:00+00:00,0.033159252256155,6.379005935741588e-05,0.0002063738102151299
2026-07-21 00:00:00+00:00,0.0348199978470802,8.62791421241127e-05,8.53126184665598e-05
2026-07-22 00:00:00+00:00,0.035798884928226436,3.862223093165085e-05,0.00012497597102383988
2026-07-23 00:00:00+00:00,0.03677777200937267,8.009417069843039e-05,0.00016463932358111994
2026-07-24 00:00:00+00:00,0.0377566590905189,6.422463047783822e-05,0.0002043026761384
2026-07-25 00:00:00+00:00,0.0341910840943455,4.332172829890624e-05,2.719886106206104e-05
2026-07-26 00:00:00+00:00,0.0306255090981721,3.657512934296392e-05,5.205615016164883e-05
2026-07-27 00:00:00+00:00,0.03193304439385723,4.0370710848947056e-05,7.691343926123662e-05
2026-07-28 00:00:00+00:00,0.03324057968954237,4.416629235493019e-05,0.00010177072836082442
2026-07-29 00:00:00+00:00,0.0345481149852275,4.730490036308765e-05,0.0001266280174604122
2026-07-30 00:00:00+00:00,0.034108908846974303,5.4376403568312526e-05,0.00015148530656
2026-07-31 00:00:00+00:00,0.0336697027087211,4.5369841245701537e-05,0.0003127248201053
2026-08-01 00:00:00+00:00,0.0301654580980539,4.686405372922309e-05,0.00024507831403745
2026-08-02 00:00:00+00:00,0.0327923707664012,5.112198778078891e-06,0.0001774318079696
2026-08-03 00:00:00+00:00,0.0262762047350406,3.3539308788022026e-05,0.00017279083112945002
2026-08-04 00:00:00+00:00,0.0267669735476374,4.582569818012416e-05,0.0001681498542893
2026-08-05 00:00:00+00:00,0.0272577423602342,5.283228165353648e-05,0.0002402175741735
2026-08-06 00:00:00+00:00,0.02854978851974005,4.170339161646552e-05,0.0004679838311858
2026-08-07 00:00:00+00:00,0.0298418346792459,4.158433512202464e-05,0.000328163994709
2026-08-08 00:00:00+00:00,0.027507279068231548,3.820269193965942e-05,0.00019525953030095808
2026-08-09 00:00:00+00:00,0.0251727234572172,5.017252988182008e-05,6.235506589291617e-05
2026-08-10 00:00:00+00:00,0.0372312925755977,5.6838453019736335e-05,2.686098014237359e-05
2026-08-11 00:00:00+00:00,0.0357339046895504,6.350437615765259e-05,0.0007685635937377
2026-08-12 00:00:00+00:00,0.0304873939603567,4.668180190492421e-05,0.0002677010779734
2026-08-13 00:00:00+00:00,0.0268754810094833,5.284339567879215e-05,2.4133798433467742e-05
2026-08-14 00:00:00+00:00,0.0374792218208313,6.817743997089565e-05,4.405168632122998e-05
2026-08-15 00:00:00+00:00,0.0359481237828731,6.543182098539546e-05,6.396957420899221e-05
2026-08-16 00:00:00+00:00,0.032662957906723,4.8204845370491967e-05,8.388746209675446e-05
2026-08-17 00:00:00+00:00,0.0299880392849445,1.3599366866401397e-05,0.0003198332560714
2026-08-18 00:00:00+00:00,0.0304488949477672,4.393982089823112e-05,0.0003400277346372
2026-08-19 00:00:00+00:00,0.0296379346400499,3.018650932062883e-05,0.000360222213203
2026-08-20 00:00:00+00:00,0.0305233299732208,3.7213794712442905e-05,0.0003647303771382
2026-08-21 00:00:00+00:00,0.0275250971317291,3.77249343728181e-05,0.0003692385410734
2026-08-22 00:00:00+00:00,0.029031527228653403,4.0452850953442976e-05,0.0003737467050086
2026-08-23 00:00:00+00:00,0.0305379573255777,4.570548480842263e-05,0.0003782548689438
2026-08-24 00:00:00+00:00,0.0322750471532344,3.186611502314918e-05,0.00038276303287899997
2026-08-25 00:00:00+00:00,0.0311423782259225,3.715578714036383e-05,0.0003872711968142
2026-08-26 00:00:00+00:00,0.0268244463950395,5.2639377827290446e-05,0.0002901095722336
2026-08-27 00:00:00+00:00,0.02932450920343393,6.15377357462421e-05,0.000192947947653
2026-08-28 00:00:00+00:00,0.03182457201182837,5.996843901812099e-05,3.649188147392124e-05
2026-08-29 00:00:00+00:00,0.0343246348202228,2.077705357805825e-05,0.0004250034398864
2026-08-30 00:00:00+00:00,0.0339333713054657,3.3485495805507526e-05,0.0004208760801702
2026-08-31 00:00:00+00:00,0.0339333713054657,3.541006299201399e-05,0.000416748720454
